RG	TG	Weight
G1	G15	0.24206455750271494
G63	G66	0.1960663763819916
G15	G1	0.13965728008561518
G66	G63	0.1280840640107614
G63	G70	0.11889748008471682
G89	G92	0.11674849312540976
G81	G87	0.10562742528146002
G70	G63	0.097274646041043
G66	G68	0.0955084218777815
G5	G40	0.09237254852992861
G92	G89	0.09146385942378851
G66	G65	0.09048492739851172
G38	G14	0.09029714592757973
G18	G6	0.0895508897275671
G91	G92	0.08602353251442092
G18	G16	0.08563683227083022
G31	G30	0.0834662314681021
G93	G14	0.08318802140374669
G91	G89	0.08267895859816855
G68	G66	0.08264686021789487
G60	G63	0.08224109629066881
G38	G83	0.08162998305672414
G43	G82	0.08147142128982648
G23	G40	0.07983481486105774
G89	G91	0.07981527517750062
G41	G97	0.07745329285510537
G66	G62	0.07714067525270603
G37	G93	0.07636189473941726
G17	G85	0.07624250192630633
G66	G57	0.07595778214266904
G23	G79	0.07387825965046577
G23	G99	0.07211853958652882
G92	G91	0.07152689805092968
G64	G66	0.07147653483088322
G85	G24	0.07132492554793587
G81	G99	0.07061822749633892
G38	G42	0.07043318375330843
G28	G45	0.07032581784069447
G32	G42	0.06995388561480666
G63	G60	0.06979220488630451
G2	G1	0.06968162386922931
G18	G32	0.06965476280149326
G60	G70	0.0686242675928236
G63	G68	0.0677347273973367
G16	G18	0.0677100765288676
G14	G93	0.06759043234203574
G65	G66	0.06753818461881524
G41	G45	0.06751178695471219
G18	G46	0.06656072699073294
G93	G97	0.06620866650718324
G41	G17	0.06612797449180947
G99	G81	0.06585763314483731
G48	G25	0.0655987704308933
G66	G56	0.06545817309914621
G8	G32	0.06514776510560527
G99	G5	0.06433152973070154
G63	G62	0.06420057804590062
G6	G49	0.06404204467907373
G41	G51	0.06384761941089047
G82	G43	0.06365857849473446
G40	G23	0.06291735481588384
G32	G23	0.06233818383236256
G23	G88	0.062175397602019136
G45	G28	0.061855294365545
G30	G31	0.06135637292713635
G60	G66	0.060990056652972954
G38	G85	0.06098590457514134
G10	G47	0.06095611098026177
G40	G5	0.060948713668945456
G93	G37	0.06074766380956562
G31	G36	0.06066830500755369
G14	G38	0.06056223846370727
G65	G57	0.06045559090568003
G5	G42	0.05980779967382617
G24	G85	0.05964626249839542
G49	G38	0.059610736375021574
G87	G81	0.05869184992823109
G65	G63	0.05828886149742579
G5	G99	0.058174678988179865
G97	G39	0.058146374775176785
G63	G65	0.057979736143019905
G47	G10	0.057817889158055344
G6	G18	0.057815779566351894
G8	G87	0.057765654392554926
G88	G51	0.05776540339592274
G83	G38	0.05740563144524216
G1	G2	0.057290780783819995
G68	G63	0.05727809341328008
G80	G90	0.057149503269682544
G32	G39	0.05713729689590568
G32	G18	0.056880467484653
G70	G60	0.05687023187356314
G57	G66	0.056638069393108996
G90	G60	0.05641277940268163
G79	G23	0.056392707812809924
G88	G36	0.05596316586912803
G99	G2	0.05566075591332688
G80	G5	0.05565488769124565
G33	G20	0.05548769620424779
G23	G81	0.05509880307639698
G66	G70	0.0545593802074115
G66	G64	0.053983465550206215
G54	G3	0.05386679281773958
G88	G20	0.053677787494551744
G40	G17	0.05333692307065033
G41	G39	0.05299598888590499
G76	G61	0.05273733528374973
G36	G34	0.05256331883475581
G23	G21	0.05243833736320775
G16	G9	0.05236793666155418
G8	G17	0.05226178214453411
G17	G99	0.052257561680355745
G23	G32	0.051976410426366276
G37	G91	0.05176556563140495
G5	G49	0.05168572059203516
G32	G41	0.05157007581331735
G16	G77	0.051201432723301826
G17	G5	0.05078427754693347
G5	G80	0.05059128885179041
G21	G91	0.05001339534945237
G18	G59	0.04987122342216844
G51	G87	0.049659056635353645
G41	G46	0.0496465297191585
G71	G75	0.049479847268000296
G63	G64	0.04945443828271407
G16	G80	0.04938229466294573
G18	G50	0.04917538011976844
G37	G8	0.04910786323779124
G79	G21	0.049077044211769574
G20	G9	0.04896091229336299
G97	G37	0.04889650062654356
G37	G43	0.04878169718150743
G59	G18	0.04864441000250686
G81	G88	0.048621816229721206
G32	G8	0.048476866154296396
G41	G64	0.048427731721287774
G57	G55	0.04835299943948914
G49	G24	0.04827519226849794
G36	G31	0.048239733883377586
G40	G31	0.048163086663350924
G64	G16	0.04815199604165849
G32	G30	0.04809129785087505
G28	G98	0.04801344207635566
G87	G51	0.04770217492995166
G18	G8	0.04765417931472924
G30	G28	0.04750259127231692
G63	G1	0.04748566970997955
G31	G11	0.04726998881590436
G32	G47	0.04709861576242471
G82	G83	0.0467116456274043
G49	G6	0.046693969881020835
G64	G15	0.04667398299302
G5	G43	0.04664157195100596
G63	G56	0.046278362727348255
G23	G42	0.045761210988857604
G88	G52	0.04549988106384518
G43	G49	0.04542467250399906
G41	G5	0.045417649297477734
G46	G10	0.045326358611308765
G99	G46	0.04520049677157215
G59	G64	0.044672339112159516
G87	G39	0.04458572946908919
G47	G50	0.044286308153821625
G1	G19	0.04422639411146332
G97	G43	0.04410277779109509
G76	G52	0.04409368555004329
G5	G47	0.04387531009679274
G51	G8	0.04387377757377039
G61	G59	0.04380655811453854
G37	G45	0.04379841426593519
G42	G86	0.043756558678301076
G25	G48	0.043652891755084404
G61	G64	0.043616192283695475
G39	G38	0.04357242275815744
G88	G81	0.04351186614729122
G5	G24	0.0434763051370072
G5	G41	0.04344582418323068
G16	G64	0.043226071517871986
G37	G14	0.043050075147178346
G6	G16	0.042858806875727753
G32	G59	0.042629783071896146
G69	G71	0.042625256764148266
G93	G80	0.04260261888127726
G59	G61	0.04257917566413705
G88	G96	0.04245226431685998
G8	G37	0.04243001819465349
G31	G96	0.042372155269559134
G21	G9	0.04210214812597813
G37	G97	0.0419533969919486
G23	G24	0.04183069508884176
G81	G39	0.04183054453430602
G68	G55	0.04177970051606328
G50	G47	0.04176138727463707
G34	G75	0.04171789390011861
G32	G87	0.04169833852912924
G43	G97	0.04149473090995455
G95	G94	0.041464691480077226
G93	G51	0.04143303612694369
G80	G43	0.04138284649981552
G57	G65	0.041327366478236274
G14	G96	0.04114193582448069
G32	G10	0.041134507387110594
G81	G51	0.04111527265814406
G32	G96	0.04106281165773888
G5	G85	0.0410556540821675
G91	G10	0.041008266804690524
G64	G63	0.04093342165607225
G90	G86	0.04085009442400569
G14	G45	0.04081944652405171
G99	G20	0.04072792627515338
G39	G32	0.04072316531614252
G50	G39	0.04069209142813717
G70	G68	0.040351511406156254
G42	G13	0.0403176663607757
G37	G89	0.040241463371777406
G24	G49	0.04021176283605845
G75	G3	0.04020607491230707
G51	G40	0.04012734101550804
G68	G70	0.040113110832623936
G93	G96	0.03999244336620776
G49	G5	0.039987283418303
G90	G17	0.03995512420231005
G41	G2	0.03975258750174386
G62	G65	0.03973432784159454
G39	G93	0.03972749368661888
G97	G2	0.039683629719538156
G41	G88	0.03956140491183265
G16	G20	0.03955841695735727
G49	G34	0.03947606063728406
G87	G8	0.039346824492455336
G39	G64	0.03929738234178507
G14	G8	0.03929259485892587
G17	G8	0.039209438519932964
G38	G47	0.03919949230750352
G41	G16	0.03914060277918934
G35	G26	0.0391269629011572
G80	G9	0.03889456143747859
G32	G81	0.03888946308412337
G21	G79	0.038769573819898075
G5	G17	0.03874266917700361
G92	G53	0.03850175485705794
G9	G23	0.038490224300453596
G81	G41	0.038378849269337455
G41	G6	0.03834059489919354
G86	G82	0.03821886766715462
G49	G31	0.03808133593963561
G64	G41	0.037973400818487164
G53	G84	0.037929138393160894
G34	G36	0.03792749532451168
G60	G57	0.0379050298380453
G60	G68	0.03790072306217628
G96	G14	0.03789802223214149
G80	G41	0.03788403104380616
G40	G80	0.037866581138440825
G82	G12	0.037768672276033116
G82	G86	0.03773821826314954
G2	G15	0.03773756645218493
G31	G89	0.03769429190462052
G41	G32	0.03760334369000968
G65	G62	0.03750250434082625
G6	G77	0.037381690823512614
G44	G77	0.0373633135909743
G99	G63	0.03732218428341644
G30	G71	0.03729906722805499
G66	G59	0.037087715563975485
G21	G23	0.03703495473406261
G47	G38	0.03693747916970584
G41	G47	0.036927028523908445
G16	G32	0.03689561314157521
G47	G91	0.03689483516935723
G9	G84	0.03688788558918661
G2	G99	0.03683511330039934
G66	G60	0.03679077705884533
G49	G96	0.03677504087393937
G10	G67	0.03677324363582855
G23	G9	0.03674412308637976
G28	G30	0.036737847045048545
G68	G60	0.036732673122720196
G43	G87	0.03668729193343644
G80	G47	0.036658563361708404
G51	G50	0.03657277921899684
G41	G80	0.03643889289255284
G17	G80	0.03635990604265604
G62	G63	0.03633673690022583
G79	G49	0.03629226536547694
G8	G18	0.03624983556322235
G37	G18	0.036186481812993686
G81	G86	0.036166446879575556
G70	G66	0.03615819007936623
G32	G45	0.03608016256426072
G23	G59	0.03605691326777896
G94	G95	0.03604208517502341
G93	G41	0.03603286555232497
G8	G27	0.03603256481714068
G68	G62	0.0359358442835878
G10	G82	0.03586386896654513
G17	G6	0.0358180412217716
G39	G50	0.03568818533087114
G93	G40	0.03560491030968886
G72	G13	0.035596051320680736
G50	G46	0.03551814273285189
G60	G65	0.03550648147261883
G80	G40	0.03547144396080198
G87	G43	0.03544155178429708
G64	G59	0.03542133702824168
G28	G77	0.03536970262855987
G96	G49	0.035348763768721515
G14	G86	0.03530097061069066
G18	G37	0.03527731445722791
G23	G31	0.03525383432184113
G61	G58	0.03517048094440098
G63	G57	0.03511837050118079
G8	G59	0.03494804790086783
G51	G88	0.034947644148594734
G34	G19	0.03491835800122209
G5	G31	0.0348034699443349
G55	G44	0.034778410881963984
G32	G37	0.03475258453106581
G80	G93	0.03471134849398603
G3	G75	0.03469260307949212
G60	G2	0.034665269002593535
G39	G41	0.03463548229309024
G88	G64	0.03461115115597923
G37	G80	0.034599564414592214
G39	G87	0.0345530957305758
G59	G62	0.03451620576402092
G17	G90	0.03450116585603769
G46	G86	0.034491805984446365
G12	G52	0.03448918508835738
G41	G37	0.034478682401492405
G49	G83	0.03444755131799468
G23	G83	0.03435755162011668
G27	G10	0.03435586766035492
G5	G23	0.03434900481796974
G88	G86	0.03431061573549021
G74	G75	0.03422829294872803
G17	G40	0.03421995769014807
G51	G81	0.034209146552631714
G41	G9	0.0341079624932097
G18	G39	0.034032130065782734
G32	G84	0.03402823377065277
G99	G17	0.03402065955490596
G8	G38	0.03397095571718958
G62	G66	0.03396260001738549
G5	G60	0.03388119977811356
G52	G88	0.03387001293494436
G8	G84	0.03386013373265177
G76	G12	0.033854600624537434
G40	G9	0.03383053084820358
G27	G59	0.0337067512832771
G26	G27	0.03370473843552254
G46	G18	0.033652826802527694
G17	G79	0.0336062118339798
G32	G38	0.033599613513195334
G42	G30	0.033595118609190025
G2	G95	0.03353169162199169
G47	G92	0.03340733343968836
G45	G41	0.033372535052322565
G42	G23	0.033370766815215745
G91	G47	0.03336450641380575
G27	G32	0.03329076798467918
G66	G15	0.033274236775065136
G23	G16	0.03322950369060719
G64	G61	0.03318243914697572
G86	G79	0.033176356313551855
G63	G15	0.03312216904844406
G92	G44	0.03308052443753569
G79	G86	0.03306648010788032
G46	G84	0.03302108628293163
G17	G41	0.03299853076672771
G6	G94	0.032974384583926264
G72	G73	0.032737571105790814
G86	G42	0.0326962368055897
G41	G81	0.032611814371404875
G8	G57	0.032608492178596626
G71	G69	0.03245094059283896
G57	G62	0.032418951459078214
G90	G44	0.0323978557145488
G72	G69	0.03233665256081957
G59	G27	0.03230486883511196
G86	G17	0.03226961495494329
G20	G99	0.03226228222949756
G81	G23	0.03215452525972452
G46	G99	0.032123438316258385
G37	G61	0.03204299589111548
G71	G78	0.03199958310003499
G81	G2	0.03199372251644013
G55	G89	0.03194772575047446
G90	G94	0.03193330322115391
G10	G74	0.03191674096624226
G29	G17	0.031840439087275574
G71	G73	0.03183808469272908
G69	G73	0.03179196569430964
G42	G32	0.03175158406107606
G56	G66	0.03171280023082293
G75	G34	0.0317040095045729
G9	G20	0.03168453392197339
G38	G39	0.03168212925981085
G79	G5	0.03165493566517476
G38	G49	0.03159624726647554
G42	G99	0.03151784281672919
G40	G6	0.031510627696760656
G17	G42	0.031475481630274436
G20	G16	0.0314634983281647
G52	G76	0.031426079141780895
G97	G93	0.031425147914288014
G23	G14	0.031129640123197824
G13	G42	0.031125324502947426
G80	G99	0.03110582825095016
G79	G6	0.03107429147209587
G29	G84	0.030962466934693046
G42	G74	0.030844818814511545
G100	G95	0.030844020523240975
G14	G100	0.030809481032862924
G37	G59	0.03075965084110562
G93	G38	0.030753139547133327
G40	G94	0.030695295186098388
G18	G88	0.03067206707586283
G77	G6	0.03062129720367722
G46	G79	0.030616459770684404
G61	G82	0.03059187953116521
G98	G28	0.030588619078431054
G79	G88	0.030586674149923998
G80	G84	0.030571342070507202
G90	G77	0.030557888042327463
G89	G63	0.030516310917345708
G51	G80	0.030476428889787504
G16	G79	0.030455502457118713
G37	G2	0.030453960882280924
G45	G58	0.030428304142966784
G84	G53	0.030421850477154788
G25	G26	0.03039506485947602
G86	G14	0.030208634527644378
G5	G79	0.030188073763265537
G16	G41	0.030176787548028577
G24	G31	0.03013645491990751
G8	G46	0.03013461801448894
G5	G91	0.030100937605360104
G35	G29	0.03009309463994709
G17	G46	0.029990546430959678
G39	G97	0.02995462101557794
G65	G15	0.029908956998122228
G37	G41	0.029905161296928308
G51	G13	0.02988310664913706
G11	G29	0.029775650743414105
G37	G77	0.029691686595123223
G8	G82	0.02965298129443008
G42	G59	0.029620569522109393
G80	G60	0.029617604858306563
G71	G67	0.02961002521535382
G32	G27	0.02956544797843379
G52	G12	0.029551857204052085
G18	G97	0.029497178573089818
G58	G13	0.029492524996335395
G43	G24	0.029485468991164335
G96	G44	0.029464435193713452
G93	G2	0.02944474361563234
G83	G82	0.02941753078901181
G38	G32	0.029365143105943528
G93	G83	0.02936408125943203
G16	G6	0.029218154214714187
G23	G93	0.029205655618014238
G85	G38	0.029171704998358482
G96	G31	0.029138931211322036
G40	G41	0.029132255864508766
G32	G50	0.029064995557074435
G25	G97	0.029006013803294664
G73	G72	0.028981034201239594
G37	G90	0.028906244629460377
G43	G31	0.028814007422537917
G9	G96	0.0287053521080974
G82	G60	0.028683901900715274
G32	G46	0.028669452136391986
G42	G20	0.028494327251433554
G63	G92	0.028490366082022937
G49	G44	0.028475733393059668
G80	G49	0.028464855447820254
G64	G62	0.028457104268141093
G26	G98	0.028420496855829633
G93	G39	0.028416504582092786
G41	G93	0.028396582493506052
G97	G25	0.0283755475307408
G93	G45	0.028356287450727345
G76	G50	0.028355149012423704
G93	G18	0.02830598610044096
G5	G50	0.02830172306600779
G65	G83	0.028278420387505488
G94	G40	0.028221978200398908
G24	G5	0.028180246277239418
G18	G80	0.0281334144067776
G25	G44	0.028125660851154876
G81	G82	0.028123532662230593
G37	G48	0.028120356212599378
G16	G23	0.02796636685109981
G69	G78	0.027908490578244807
G17	G45	0.02790356126426969
G9	G21	0.02785493647557247
G18	G10	0.027852630515430337
G86	G8	0.02783405358242078
G88	G87	0.027831263725438486
G5	G93	0.02781792624509142
G43	G96	0.027767944659197873
G38	G96	0.02775749468309159
G39	G16	0.027748412180111703
G58	G45	0.02773012192431296
G32	G4	0.027727477344012263
G44	G76	0.0277152254304393
G37	G20	0.027603717700109245
G39	G2	0.027573425398161548
G32	G90	0.027526715420905155
G45	G71	0.027508265968424747
G10	G27	0.027444358654569123
G32	G93	0.02744117414343654
G65	G54	0.0274406088818688
G76	G46	0.027433621503322164
G99	G42	0.02743241477305137
G82	G10	0.027420985938570248
G38	G88	0.027415115565361105
G60	G90	0.027409250314671046
G68	G69	0.027407782423952642
G81	G32	0.027406557832396896
G18	G41	0.02740297013976247
G77	G16	0.027338652510361106
G76	G29	0.027312755060245043
G91	G37	0.027309128154818816
G41	G87	0.027289508596377927
G40	G51	0.02727947061483768
G2	G60	0.027270051700322526
G86	G90	0.02725303020770596
G62	G57	0.027222195002254427
G96	G8	0.027199127213716135
G14	G83	0.02702725168722646
G14	G31	0.02699766370219764
G79	G16	0.02698078229714542
G40	G21	0.02691247096050624
G88	G46	0.026911525321426735
G28	G22	0.026850493233867366
G15	G3	0.026848424486115918
G55	G57	0.026785327367227472
G40	G24	0.026739678258472
G80	G61	0.026699976195195554
G53	G36	0.026682355185829662
G86	G46	0.02666463694413516
G9	G27	0.026658070793958922
G88	G23	0.02661724035506732
G76	G51	0.026593504365753206
G23	G20	0.026580555316565467
G67	G22	0.026543121520057427
G74	G98	0.026517305542589617
G37	G96	0.026504914426722637
G66	G61	0.02649281464022048
G81	G20	0.026451026122607788
G37	G100	0.026312672733312222
G55	G68	0.026264179436779483
G41	G50	0.026256153789332173
G2	G45	0.02623423670671956
G97	G4	0.02620510615144584
G38	G10	0.026180780320766033
G37	G86	0.02617116207300905
G83	G21	0.02617008872349201
G38	G72	0.026143505514848
G81	G24	0.026135161291837232
G17	G86	0.02613058807097494
G64	G39	0.02612202460252889
G34	G67	0.026119879373189336
G87	G32	0.02611611905586203
G49	G94	0.02610107569541351
G26	G35	0.026054711568552866
G54	G18	0.026047366258188837
G58	G11	0.02602504215663263
G32	G6	0.025994263017052283
G6	G46	0.025989137548209
G99	G11	0.025953087326849988
G16	G90	0.025937757402099994
G53	G74	0.025898347321793556
G38	G1	0.0258490217839631
G88	G83	0.025842155998234435
G27	G13	0.025835216580866027
G8	G51	0.025829036138523432
G23	G84	0.025812177882550483
G6	G40	0.02578767027462804
G23	G8	0.025783216108072195
G40	G3	0.025753575820698617
G60	G82	0.025668279846067305
G57	G44	0.02565458460315366
G23	G30	0.0256493990694983
G42	G5	0.025640559580495232
G71	G28	0.025614056940497412
G58	G61	0.02561093805561896
G42	G24	0.025603655163200015
G81	G14	0.02553621937054421
G8	G96	0.02552623303260369
G32	G64	0.025522697626386964
G45	G2	0.025500463071043453
G51	G4	0.025484052613676426
G88	G16	0.02545079110298052
G38	G93	0.025440390931674425
G49	G43	0.02542345127011462
G99	G61	0.025420640160508583
G87	G85	0.02541927243137423
G41	G90	0.02541150408348719
G88	G53	0.025385525806003013
G57	G15	0.02538061810714458
G16	G37	0.02534339349622316
G39	G83	0.025342894402334473
G23	G47	0.025282211740910356
G57	G68	0.02526282275129997
G32	G16	0.025242752621263666
G75	G71	0.025241398175456318
G90	G80	0.025235010650595198
G46	G89	0.025212564795069045
G29	G56	0.025187996617317413
G61	G15	0.025157160617243594
G55	G36	0.025070328819119386
G95	G76	0.025034654521759805
G44	G92	0.025033408544413032
G77	G44	0.024990244551563415
G49	G79	0.024945963016075524
G14	G97	0.024921741256243107
G45	G37	0.02492083562343421
G28	G100	0.02490363816002325
G24	G7	0.024878879075187696
G94	G47	0.02487199947413481
G37	G98	0.0248609210334774
G59	G46	0.02480413001224512
G3	G40	0.024777161007843024
G91	G97	0.024763639579935267
G99	G65	0.024731569687276817
G100	G35	0.02467739436622541
G93	G20	0.02464751883395532
G39	G53	0.02455832501170584
G22	G94	0.02455246425745019
G14	G48	0.024477982689759977
G93	G23	0.024473896087993923
G71	G70	0.024466717545709324
G64	G53	0.024463461732804587
G1	G73	0.02445888252387949
G47	G83	0.024429979827055717
G36	G30	0.024426494442973665
G38	G94	0.02440921176022091
G66	G1	0.024404218770660614
G30	G36	0.024397571590114832
G62	G15	0.024392906687879055
G97	G41	0.02439197483842512
G51	G27	0.024374811984760176
G81	G85	0.02435789791903464
G42	G38	0.024348788997192578
G61	G37	0.024342089011608465
G20	G84	0.024326729988250317
G54	G24	0.024322082589983574
G74	G3	0.02431928730817285
G50	G82	0.024302237646588537
G42	G58	0.02430190090813157
G21	G65	0.024282656946431048
G39	G84	0.024275734834350336
G27	G76	0.024271830712331348
G83	G24	0.02425830108511352
G37	G9	0.024237941104456213
G43	G10	0.02423706545243472
G68	G64	0.02423531331634448
G99	G86	0.024224994311130472
G11	G31	0.02419082204729104
G40	G90	0.02416803603632219
G59	G32	0.02413861374793587
G42	G18	0.024115101791007218
G41	G84	0.02404815379664167
G40	G99	0.0240339735653795
G51	G76	0.024029185380983618
G42	G17	0.0240199762637561
G69	G55	0.02401402800819469
G46	G45	0.023998941282968474
G76	G55	0.023988532472075677
G5	G51	0.02398180898823802
G99	G13	0.023954355837520255
G14	G23	0.023941374259737847
G46	G76	0.02393555759489408
G43	G2	0.023933077213777524
G75	G58	0.023909616756693283
G90	G8	0.023855058163814412
G10	G59	0.023847553428698324
G43	G30	0.02382991108253886
G31	G24	0.02380372788769996
G14	G39	0.023748864272732782
G76	G8	0.023745622335015985
G82	G46	0.023735956614942034
G88	G84	0.023667469446976064
G53	G98	0.02366559929961882
G4	G21	0.023660102396668353
G36	G88	0.023622614281474223
G50	G10	0.02361658546080033
G25	G14	0.023572136236704497
G27	G26	0.023570309734978735
G8	G10	0.023533212406728597
G5	G83	0.023470565590166928
G54	G75	0.02346583261880676
G91	G12	0.023451016485136134
G74	G53	0.023434909291483456
G41	G91	0.023428574618890943
G88	G99	0.02340800206844738
G37	G17	0.023384766711956762
G37	G85	0.023342908794246046
G94	G27	0.023287278762626977
G42	G94	0.023268711071836607
G60	G28	0.023243708040180465
G61	G96	0.02315969381231754
G41	G79	0.023052474566659768
G3	G54	0.02305012063748274
G10	G89	0.02300909419705136
G90	G37	0.022970184177917945
G80	G81	0.02295892802890848
G19	G1	0.022928096467690125
G71	G21	0.02292109691412034
G86	G81	0.02291786797302796
G53	G69	0.022915719720453767
G82	G30	0.02288751550762154
G93	G36	0.022875399394191014
G79	G43	0.022870319738570188
G56	G36	0.02284385682467568
G46	G41	0.02283841859363317
G3	G7	0.02283545163277741
G64	G65	0.022801810848946943
G52	G44	0.02274612243605267
G22	G98	0.022739264991901806
G55	G67	0.022733426242947913
G41	G82	0.022704719902208008
G18	G27	0.02268949219361108
G32	G97	0.02266801566535849
G34	G71	0.022665101473292308
G48	G76	0.02264982951571314
G96	G61	0.022633388933698696
G5	G2	0.02263099269004058
G81	G50	0.022607479654470027
G16	G50	0.022568778223900795
G73	G71	0.022562192600682044
G56	G29	0.022525409242998277
G39	G88	0.022524903006528214
G76	G67	0.02252305300036573
G32	G14	0.0225165286365566
G2	G74	0.02251190459435965
G13	G72	0.0224851387832171
G70	G62	0.022474547065460843
G12	G82	0.02241729682098194
G79	G9	0.02241616204979558
G88	G27	0.02241475209126751
G44	G90	0.022381839875906508
G87	G30	0.022370838539931468
G64	G68	0.022366607101676997
G100	G26	0.022364071128635647
G63	G69	0.02233360813643981
G8	G76	0.02231736795747321
G19	G58	0.022306103624950026
G16	G93	0.022297983059994808
G17	G37	0.02229640326387407
G40	G20	0.02229616854207757
G66	G92	0.022282965855414182
G100	G76	0.022258891169059478
G41	G89	0.022248004764973052
G46	G81	0.022246329144981238
G19	G34	0.02222289780163876
G78	G69	0.02220873055075101
G23	G39	0.0221573354926105
G38	G24	0.022155187845951815
G59	G36	0.022136853488585562
G27	G75	0.022101945892701237
G96	G77	0.022093979031188912
G17	G16	0.022092841756672768
G20	G33	0.02207738953785938
G46	G91	0.022070352220180663
G39	G23	0.022052233097570536
G32	G86	0.022022486397447694
G98	G22	0.02195362645857689
G86	G12	0.02194952164431806
G18	G81	0.02191310327448205
G18	G93	0.02186000057634069
G4	G97	0.02182152330650119
G90	G73	0.021780857545002717
G12	G76	0.021767651046936905
G42	G80	0.02172835199248368
G69	G72	0.02170646997764513
G29	G52	0.0216913313138781
G13	G58	0.021652838279737668
G55	G69	0.021645034783197285
G72	G30	0.02162316319872042
G55	G76	0.0216214266661582
G11	G35	0.021617344255098488
G17	G9	0.021547947839180494
G41	G23	0.02154527139786509
G58	G74	0.021498124357194583
G57	G63	0.021473892811727322
G30	G33	0.02146573204559832
G87	G26	0.021447167806418893
G14	G37	0.021440990255245984
G85	G65	0.02143426955770759
G71	G58	0.021430885391469763
G65	G99	0.021421415246558165
G51	G20	0.02140673015042281
G16	G42	0.02140655258964754
G16	G21	0.02138925711469259
G54	G80	0.021381223925141562
G47	G43	0.02132182613456433
G77	G90	0.021306568298079646
G43	G1	0.021301351149854014
G25	G73	0.021270488582133616
G99	G23	0.02124642998384482
G14	G4	0.02124634033750103
G99	G88	0.021238590336901175
G9	G25	0.02121665026831563
G32	G88	0.02118876660046094
G88	G74	0.021170152717003968
G73	G25	0.021160991820503496
G22	G33	0.021151008879035066
G95	G44	0.021143918775233955
G6	G5	0.021135553217303024
G62	G68	0.02107548653354686
G91	G21	0.02107112827279047
G49	G74	0.021062219776890913
G46	G11	0.021059126739897533
G39	G82	0.02105678098883915
G64	G88	0.021056014366086256
G86	G33	0.02104862051653575
G57	G61	0.02104253481712601
G87	G36	0.021007916072113133
G91	G74	0.020999406432500898
G30	G45	0.020981284972807965
G16	G82	0.020964755148724284
G49	G86	0.020953576130645683
G99	G33	0.020950828176876244
G39	G30	0.020936034559852025
G60	G33	0.020909920500449226
G23	G36	0.02090749775827805
G56	G67	0.020902065007972846
G99	G60	0.02088547511733071
G65	G2	0.020881036061776527
G50	G72	0.02087891547776894
G45	G93	0.02087251630522936
G61	G76	0.020831123016979286
G86	G11	0.020825255823060516
G9	G16	0.02081891916496424
G40	G87	0.020794003218298038
G83	G34	0.020705753673174728
G71	G30	0.02069567675296054
G73	G69	0.020686409989730828
G16	G88	0.020665528527191356
G65	G68	0.020653771097807104
G81	G5	0.020653314887015297
G81	G18	0.020647107780102286
G79	G90	0.020638075136015885
G86	G30	0.020636477161567576
G16	G59	0.020623732465236636
G18	G42	0.020615503275608155
G38	G79	0.020612874261401563
G1	G100	0.020607070141818992
G30	G85	0.020605973181885853
G16	G38	0.020602234943382675
G73	G26	0.02059172582309516
G85	G17	0.020584805537286834
G41	G72	0.020574540120193257
G6	G17	0.020554462416556694
G96	G93	0.020539711038214864
G13	G28	0.02053718781434875
G83	G23	0.02048040182101617
G16	G36	0.02047100281877605
G17	G94	0.020467089098453926
G44	G55	0.02046175388148142
G24	G83	0.020445808252140568
G38	G100	0.0204312272955141
G31	G52	0.020411641472613526
G49	G85	0.020387698296566757
G93	G90	0.020380680443528157
G81	G40	0.020375669650404264
G23	G86	0.020363607988955378
G96	G30	0.02035054678255255
G40	G47	0.020341981664557068
G95	G97	0.02034039779162879
G80	G37	0.020339179923145368
G10	G19	0.02029445989146396
G96	G43	0.02028802496728526
G83	G65	0.020283950707692323
G48	G52	0.020271504597576345
G47	G56	0.02026722490066813
G80	G54	0.020255432921946474
G47	G94	0.020255364325597002
G16	G40	0.02024628786857361
G35	G22	0.02024290885322863
G2	G98	0.020241458223230042
G15	G61	0.020233924000955045
G62	G64	0.02021612863628952
G85	G35	0.020185490952741185
G83	G93	0.020162637785412624
G95	G100	0.02015299802313917
G76	G48	0.0201521001930633
G8	G53	0.02013170142319768
G40	G88	0.020124400120360646
G40	G93	0.020105920762846997
G38	G97	0.02009619423186516
G31	G92	0.020085539151822915
G46	G82	0.020083859780675527
G89	G55	0.020072339146883805
G70	G57	0.020068344977513555
G23	G82	0.0200598620797135
G17	G32	0.020050039927631425
G17	G21	0.020048999822205996
G71	G9	0.020012930872400952
G15	G62	0.020012031469173606
G60	G4	0.02001046235719914
G84	G78	0.020003778779624632
G5	G9	0.019990835634204923
G41	G61	0.019989444853552835
G6	G45	0.019982855959130432
G43	G54	0.01997149339515865
G6	G41	0.019967073795630563
G53	G88	0.019951534501808674
G80	G51	0.019948371289426822
G36	G96	0.019917896401211208
G44	G49	0.019906890692517425
G30	G22	0.019888251654402323
G31	G100	0.019872514109803306
G55	G34	0.019859812058225224
G32	G82	0.0198371795701203
G36	G84	0.019827153102457612
G33	G28	0.019813725303845318
G5	G65	0.01979031040218846
G93	G42	0.019776164887776594
G7	G69	0.019768972094482324
G65	G3	0.01974739104580259
G12	G91	0.019745903372763274
G75	G78	0.01974316674829869
G100	G1	0.019732137862882856
G75	G10	0.019709928464578644
G16	G17	0.019657261548405032
G50	G8	0.01965124642409213
G96	G37	0.01961406955979202
G96	G24	0.019580927385560408
G40	G81	0.019574816985331717
G79	G36	0.019567481232401544
G51	G93	0.01955750570678362
G79	G41	0.01955640937884468
G60	G56	0.01954612105973845
G28	G58	0.01945867415646703
G45	G19	0.01943275303285611
G51	G85	0.01941546637957063
G81	G6	0.019404162784739602
G88	G21	0.019401217689247307
G36	G7	0.01939672877275655
G35	G25	0.019394128951484332
G23	G5	0.019391360868438248
G23	G52	0.01937623900766582
G67	G34	0.01936811760599053
G28	G95	0.019366077834300693
G63	G89	0.01934907754588953
G80	G42	0.01934668546561665
G69	G68	0.019341629688139524
G36	G79	0.01933805911079163
G33	G22	0.019310268931789356
G90	G96	0.019301249428401748
G90	G6	0.01930065384092378
G46	G6	0.01929625991361606
G55	G22	0.019230171704500518
G46	G50	0.01920641926343909
G8	G14	0.019204519758092856
G87	G50	0.01919045204815878
G93	G5	0.019176454472181966
G89	G10	0.019167864630993642
G26	G73	0.01915616671154984
G97	G95	0.01915028800340616
G32	G9	0.019131807867837046
G8	G90	0.01912992329311857
G37	G92	0.01912599510051148
G20	G21	0.019125697753790447
G62	G59	0.019110591113922704
G67	G10	0.019108817467182865
G68	G48	0.019079302670747617
G87	G82	0.019076518681848238
G51	G6	0.019065386038129746
G72	G22	0.01905376770188039
G95	G13	0.019038066437297486
G88	G42	0.019020376608780965
G68	G26	0.019018217201742054
G66	G89	0.018980860390064143
G34	G55	0.018972055715075223
G42	G16	0.018939903552646128
G71	G7	0.018931639503897237
G34	G95	0.01893148884070307
G81	G43	0.018915563662403746
G65	G61	0.01890030263952254
G83	G74	0.01889964769790187
G36	G59	0.018897462507869865
G29	G35	0.01883922250271817
G68	G33	0.018831599012429607
G59	G66	0.018828532963988166
G99	G45	0.01880047028387077
G44	G54	0.018716463343446284
G88	G44	0.01869598271674462
G6	G81	0.01866400893843189
G60	G99	0.018656006145533196
G92	G27	0.01865239179755439
G56	G68	0.018643686395509514
G5	G6	0.018639392871519615
G61	G75	0.018630921467708873
G46	G59	0.018615152945303425
G52	G48	0.018607306258466384
G80	G23	0.018601140731199447
G53	G11	0.018576662644679207
G71	G91	0.01857641101809035
G40	G85	0.018567705930841213
G81	G52	0.018539974626387054
G70	G28	0.018535616601640402
G88	G50	0.018532257156755674
G46	G88	0.018521369327060867
G68	G94	0.018507692022962725
G65	G64	0.018504145065295234
G90	G4	0.018473253083806658
G27	G22	0.018468651986887442
G68	G57	0.01844471041780588
G77	G34	0.018427008433700733
G35	G50	0.018423894835314442
G47	G89	0.018416191565382087
G45	G30	0.018409043438998487
G38	G36	0.018406934833308925
G5	G89	0.01840352513755484
G99	G100	0.018402385408739293
G22	G3	0.018379646891584764
G80	G79	0.018371903770530672
G32	G80	0.01837144163779454
G60	G62	0.018369096588767387
G83	G40	0.01834570558371223
G90	G79	0.018331964612494818
G26	G18	0.01831308382690156
G93	G46	0.018312623638290136
G6	G51	0.01829893237407077
G47	G5	0.01828993726211073
G38	G60	0.018253713332849645
G24	G54	0.01824530264958902
G44	G52	0.018236308467618957
G57	G59	0.01823530100847001
G50	G57	0.01822738204074301
G51	G57	0.018225066199251717
G34	G3	0.018220616091982042
G96	G90	0.018186597178949118
G40	G49	0.018167013070142006
G39	G81	0.0181519652962826
G99	G94	0.018147604356492646
G39	G24	0.018146945791793004
G97	G38	0.018130496642448136
G23	G80	0.01811192659486242
G58	G19	0.01810911671249547
G12	G33	0.018071991189823854
G42	G64	0.01806439699274802
G37	G40	0.01803357947500066
G10	G92	0.018031496140220926
G32	G43	0.018030066193601098
G81	G64	0.01802503537087839
G18	G77	0.018006162078459773
G88	G33	0.017980378074240744
G14	G25	0.017974101738689695
G84	G29	0.01795778753593389
G60	G74	0.01794904840365764
G28	G14	0.017946986726395997
G90	G47	0.017922954323103917
G65	G21	0.01790622352197715
G34	G49	0.017903482072541454
G46	G37	0.01789398899422241
G37	G10	0.017883489092379284
G17	G29	0.01786063710614343
G65	G56	0.017856344450698527
G86	G58	0.017854092731658822
G45	G69	0.017851781961140994
G31	G49	0.01783949573179555
G71	G4	0.017825691716338084
G58	G56	0.01781135662339768
G98	G17	0.01780903352897279
G17	G93	0.01780173501515762
G98	G52	0.01779387337220943
G22	G67	0.017775928399636504
G2	G22	0.017772892636957985
G21	G29	0.017750102914608844
G76	G72	0.017729705537921234
G97	G78	0.01770377042271776
G16	G47	0.017701425906442633
G31	G85	0.017687303130623198
G24	G40	0.017687248224448796
G96	G36	0.017676266262103398
G95	G43	0.017643181572398522
G90	G46	0.01764144477909844
G55	G35	0.01764115348640585
G60	G21	0.01763768749616446
G61	G62	0.017637567813940772
G18	G84	0.017607972249772064
G42	G70	0.017600415654877046
G83	G26	0.017599953530448343
G41	G14	0.0175584089751039
G28	G44	0.017539732287429416
G64	G50	0.017534365722500212
G90	G48	0.01751896563039055
G97	G48	0.017511853758607844
G56	G63	0.017507886909208598
G98	G26	0.01749569678394955
G59	G95	0.017489081887737852
G25	G54	0.017469712148420895
G88	G26	0.017465067330825926
G3	G74	0.017462237310806317
G87	G53	0.01746031081044557
G5	G86	0.017451033690915004
G11	G3	0.01744900992736327
G96	G74	0.017446195642384907
G60	G5	0.017441495290436915
G68	G6	0.017433155628322965
G83	G49	0.017426165336515524
G67	G11	0.01741636215021906
G94	G90	0.01740798474488663
G26	G32	0.01740608128748733
G83	G11	0.01740358893813748
G11	G71	0.01739697588817503
G94	G22	0.017376414137017515
G69	G98	0.017336878175352576
G58	G21	0.01733503885933847
G46	G8	0.0173340664561879
G41	G40	0.017294704545043123
G10	G48	0.017294337065043425
G43	G19	0.01727402739554312
G38	G45	0.01727313873972328
G46	G5	0.01726558987152629
G27	G94	0.017256135521462324
G83	G56	0.017250367467035337
G38	G20	0.01723586043809659
G83	G92	0.017231448561579828
G64	G18	0.01722521727072995
G45	G34	0.017221205699877267
G42	G19	0.01722030331207595
G37	G87	0.017215825951493756
G71	G94	0.017214112351714213
G20	G81	0.017200272290982598
G18	G61	0.01718906471511996
G17	G47	0.017186480024551077
G41	G96	0.017182843720956395
G28	G4	0.017178167189890355
G12	G4	0.01717491730833491
G5	G4	0.01717227894862817
G37	G32	0.01717200875174146
G94	G32	0.017160440370705538
G50	G87	0.017155071025347763
G20	G51	0.017129686849063738
G45	G17	0.01710291202351317
G18	G36	0.017097994991563007
G48	G7	0.017095157158864106
G18	G33	0.017093172168832747
G56	G45	0.01708311884383781
G73	G11	0.01707269579067979
G35	G11	0.017048761029661012
G86	G44	0.01704524175835874
G48	G10	0.017036176750721478
G29	G100	0.0170314266576149
G30	G69	0.01701418724614944
G82	G38	0.017010005214516413
G48	G90	0.017006683811639306
G49	G77	0.01699926410321529
G98	G69	0.01698397870402008
G12	G18	0.016970831459091756
G97	G59	0.016967794097613127
G38	G8	0.016962244201361974
G47	G80	0.016946399159748514
G35	G12	0.016945045528646077
G89	G100	0.01693634833389925
G53	G39	0.01693260907734896
G76	G100	0.016917729843125635
G71	G11	0.016909990449819085
G64	G57	0.016900646925810905
G23	G50	0.016897739748237883
G28	G13	0.016897281722177922
G64	G44	0.016891761248053715
G20	G88	0.01688412128396496
G97	G7	0.016874809528537375
G68	G56	0.016859129699102103
G83	G14	0.016852124088952657
G10	G58	0.016847069519790543
G13	G95	0.016836752423859926
G96	G38	0.016831733643511426
G50	G89	0.01682428016038591
G25	G21	0.016792927355033675
G41	G8	0.016787018164613355
G56	G52	0.016785807353333376
G37	G35	0.016766042402479597
G92	G10	0.016756161265722217
G41	G18	0.016753634933011522
G2	G28	0.016753476896669495
G77	G35	0.01675134958498411
G92	G100	0.016737540699710837
G3	G15	0.016713009314300892
G13	G54	0.01669864221769925
G73	G13	0.01669852274330266
G57	G77	0.016685431810995507
G80	G87	0.016679630373626738
G16	G94	0.016660600888327978
G46	G92	0.01665030279867001
G89	G50	0.016650274744854646
G11	G54	0.01664776812039653
G74	G7	0.016642303412760996
G5	G20	0.016635033594671066
G100	G37	0.016634816544765747
G26	G68	0.016630460353852555
G97	G54	0.016615787608244396
G78	G34	0.016611374843251408
G42	G9	0.016606029053186505
G13	G27	0.016605029634553424
G90	G45	0.0166031904344871
G29	G33	0.016596481706282817
G62	G58	0.016578950213199158
G70	G71	0.016572779810317434
G87	G96	0.016570520775180585
G5	G97	0.016568137787004666
G57	G35	0.016560901218184203
G71	G19	0.016527418200291563
G31	G35	0.016497743401447655
G61	G66	0.01649004575555735
G28	G71	0.01647980415202238
G38	G16	0.016476116134883475
G93	G65	0.01646846885940661
G85	G54	0.016446903517435656
G68	G18	0.016411249803069686
G47	G64	0.016404098195754745
G17	G60	0.016403185013963734
G12	G86	0.01639720519923988
G90	G50	0.016391923325226328
G88	G79	0.01638413131035854
G27	G100	0.016374451777420748
G61	G3	0.016368849457121654
G30	G67	0.01636564343904636
G93	G78	0.01636164128727299
G37	G28	0.016360810753700567
G74	G58	0.016360476558173315
G85	G31	0.016359557939836695
G48	G58	0.01635232503550796
G29	G7	0.016348003536720113
G59	G42	0.01634754867286829
G24	G96	0.01634643504984924
G80	G31	0.016343169588640905
G62	G21	0.016342958948152398
G80	G25	0.016332352581363084
G31	G78	0.016325230244363585
G24	G43	0.016316283287718652
G20	G18	0.016306246757872032
G39	G14	0.016303598213064957
G45	G12	0.016291659850920844
G18	G12	0.0162894292253001
G11	G86	0.016274714489875608
G23	G85	0.01627340809285906
G21	G12	0.01626646294528329
G100	G19	0.016263599078640948
G96	G79	0.016252368229362643
G16	G39	0.016241442203796697
G84	G35	0.016236260360424103
G42	G79	0.016230625579059906
G88	G59	0.016202787187595182
G32	G89	0.01620098452481047
G99	G31	0.016200721660827085
G30	G24	0.016200176447300062
G42	G39	0.016188399247578564
G45	G60	0.016178258764131304
G56	G3	0.016176871052040548
G8	G43	0.016170934746715215
G11	G99	0.016170346883847487
G75	G4	0.016168218753864164
G48	G29	0.016168066748301606
G91	G71	0.01616065404168478
G98	G53	0.016158433428430905
G16	G5	0.01614714705807652
G48	G77	0.016141169071914666
G10	G4	0.016130587798612796
G94	G23	0.016130153577095966
G30	G72	0.016115741658272318
G46	G80	0.01610700074806311
G51	G49	0.016090565383661735
G6	G90	0.016080721483681316
G53	G8	0.01607181055086684
G18	G20	0.01606830283509701
G28	G60	0.016064006056253903
G58	G98	0.016053909676234646
G37	G51	0.01604562907928056
G11	G27	0.0160340299212457
G79	G80	0.01602976715810131
G6	G99	0.016014895298059842
G44	G25	0.016007330782430336
G28	G55	0.015985902703496962
G50	G73	0.015983697580737678
G40	G83	0.01597973274936092
G8	G98	0.015974563373222776
G99	G14	0.015951126307350627
G57	G64	0.01594943651951965
G14	G72	0.015941186479433152
G54	G13	0.015938821041060387
G97	G52	0.015928154412783217
G45	G56	0.015920558257113335
G97	G91	0.015919360072375786
G44	G13	0.015918845458056587
G34	G22	0.015918562981464896
G19	G74	0.015913143657608677
G86	G48	0.015896284088182683
G93	G31	0.015888549803668793
G14	G81	0.015865455135852784
G42	G63	0.01585659951516127
G29	G79	0.01585200089913177
G16	G61	0.015814836119953397
G20	G42	0.015808861412522884
G43	G5	0.015793502426974134
G73	G58	0.01577478546860547
G51	G12	0.01577471780461396
G68	G65	0.015774253217573354
G8	G91	0.01576945910574059
G15	G2	0.015768591362719842
G87	G1	0.015758327792142753
G10	G43	0.01574773991893113
G56	G33	0.015746313160416477
G9	G41	0.015744390174548095
G42	G67	0.015722630220904008
G85	G7	0.015701915279890073
G96	G58	0.015699699703819334
G40	G2	0.015691796774736155
G82	G2	0.015690624409889827
G77	G7	0.015681238647668124
G62	G95	0.015679572662537698
G87	G80	0.015676766685200207
G82	G8	0.015673513054909716
G41	G69	0.015659742114581286
G18	G64	0.015643066637744982
G11	G53	0.015632017404242932
G62	G19	0.015627153137041903
G77	G37	0.015625806003744053
G28	G34	0.015623997032621158
G37	G82	0.01561892215681463
G51	G52	0.015616375860999015
G39	G51	0.015616119436907902
G5	G37	0.01560346885528035
G46	G31	0.015596865581364102
G13	G44	0.015593354052667964
G90	G40	0.015585507590802837
G39	G13	0.015583204000181133
G23	G94	0.01556769253133396
G31	G72	0.015557150731629782
G7	G48	0.015556309830489109
G18	G38	0.015538592155949214
G84	G9	0.01553838247335705
G65	G1	0.015530835852244216
G9	G31	0.015527348867278645
G85	G51	0.01552719156000362
G13	G51	0.015518270458740126
G35	G67	0.015517163309894789
G86	G38	0.015508064928587225
G85	G5	0.01549824829222375
G80	G17	0.015489981634282172
G30	G39	0.015481094733527866
G15	G64	0.01548079794955982
G27	G92	0.015464142439443473
G12	G35	0.01545983153448049
G37	G47	0.015452501997250245
G8	G78	0.0154495863060447
G7	G55	0.015432084584409119
G45	G1	0.015425663084031071
G73	G27	0.015416433618741445
G52	G51	0.01541577997723257
G18	G87	0.015395649676701373
G2	G63	0.015384774087209133
G89	G37	0.015373758444903534
G86	G99	0.01536860529822567
G24	G38	0.015362702702060249
G86	G49	0.015305639996739175
G8	G9	0.015301533610431746
G27	G18	0.015285106712747713
G26	G7	0.01527658058709714
G8	G33	0.015267035976682275
G96	G20	0.015263036636304439
G72	G78	0.01526191338281385
G93	G81	0.015253244483245764
G83	G88	0.015250499047080899
G87	G100	0.015249909494302239
G37	G99	0.015240142206909998
G83	G59	0.015233959703847545
G1	G26	0.015230011411160512
G93	G88	0.015228973617186854
G90	G16	0.01522889919769994
G59	G8	0.015221311735852507
G88	G82	0.015214020931013714
G59	G40	0.015211396264612745
G52	G61	0.01521042016868238
G21	G40	0.01519686835180017
G52	G67	0.015188466729263838
G38	G7	0.01518032358054888
G100	G27	0.015170111327651769
G28	G26	0.015167032000156193
G95	G11	0.015158761797266353
G93	G16	0.015155164883975204
G23	G41	0.015153078470596805
G11	G33	0.015152280940958251
G17	G49	0.015116532846162063
G47	G90	0.015115154135911243
G88	G2	0.015109588381293783
G72	G50	0.015105093752148921
G2	G97	0.015105025820790189
G41	G43	0.015102192646710111
G22	G7	0.015088704903090036
G16	G97	0.015084960201910717
G27	G77	0.015080716826347273
G37	G33	0.015074379441972006
G8	G81	0.01506519692254205
G68	G73	0.015056989121562513
G51	G72	0.015056225766312936
G43	G3	0.015051730184117179
G88	G40	0.015050171389813703
G45	G83	0.015046642574678939
G24	G23	0.01504613603554831
G79	G96	0.015039522566460963
G89	G66	0.015021260130775588
G22	G95	0.01501729470431849
G70	G33	0.015017109928789163
G41	G86	0.015009666438293838
G53	G54	0.015009443769594344
G82	G50	0.014994760019800598
G86	G23	0.014992147115073408
G94	G6	0.014982445196455687
G7	G53	0.014979291690718138
G81	G46	0.01497792230988345
G40	G79	0.014974292039814251
G39	G18	0.014965892384010951
G93	G54	0.014959592127581993
G54	G65	0.01495153655864803
G70	G76	0.01494503183739947
G81	G33	0.014942848539667356
G14	G82	0.01493643399414657
G25	G90	0.014929077695175033
G98	G79	0.014917034343880515
G5	G45	0.01491412056221832
G35	G85	0.014880741534689856
G37	G71	0.014872285005737063
G22	G55	0.01486832570094865
G57	G50	0.01486318249338372
G11	G94	0.014858820774396183
G12	G51	0.014855610960195682
G95	G2	0.014851591406681759
G9	G56	0.014847772992573593
G90	G21	0.01484396281706098
G21	G58	0.014838498537343496
G75	G74	0.014838153400831305
G21	G44	0.014834839913011846
G59	G75	0.014827666176665786
G61	G99	0.014814411527640299
G77	G28	0.014810858454553988
G37	G79	0.014805205169331651
G59	G88	0.014800201088296445
G82	G19	0.014798468580454529
G81	G47	0.014796091273312875
G41	G58	0.014789319890783234
G23	G90	0.014764439890139595
G47	G45	0.014751935245280949
G59	G83	0.014751326654679984
G97	G71	0.014750854190550321
G88	G41	0.014746816314131569
G42	G6	0.014742746891226562
G54	G11	0.014736788100643845
G98	G9	0.014734299728866616
G42	G49	0.014732156290608285
G12	G29	0.014728864004972064
G14	G30	0.014717578487565688
G34	G84	0.014710608108002258
G16	G44	0.014708133420952264
G52	G98	0.014704168387330609
G19	G77	0.014701560891267434
G44	G53	0.01469794782861227
G25	G40	0.014695560917848164
G13	G68	0.014692935664083952
G7	G97	0.014680204425600455
G4	G28	0.014679111398357213
G24	G48	0.014678115169532737
G60	G89	0.014672183228959702
G53	G25	0.01467118580524252
G20	G96	0.014670515127126098
G26	G75	0.014666221090059585
G95	G52	0.014659704525181855
G77	G48	0.014655601278348855
G83	G6	0.014650829692796548
G22	G34	0.014641923527660845
G12	G3	0.014635680113736112
G30	G100	0.014635417950981819
G82	G13	0.014624440327001133
G64	G70	0.01461510662210425
G84	G8	0.014612115843764652
G82	G14	0.014610759255353227
G80	G96	0.01460887838661222
G49	G87	0.014604780521185683
G81	G59	0.014603097800580197
G47	G48	0.01459845027117472
G96	G85	0.014598115585224876
G48	G37	0.014590646297895681
G39	G54	0.014577698866573322
G79	G59	0.014568021211197704
G33	G21	0.0145624672067952
G70	G67	0.014558316310322448
G55	G72	0.014548603433309062
G70	G53	0.014547344894151614
G83	G27	0.014539145768817669
G18	G54	0.014534217757039848
G28	G35	0.014530372131006743
G59	G57	0.014528650093624454
G18	G73	0.014527738990165868
G21	G75	0.014497681714234377
G22	G27	0.014496592939324912
G91	G46	0.014490489765615663
G95	G54	0.014490298909477348
G81	G67	0.014483681985852478
G46	G22	0.014467250875774449
G81	G93	0.014462264692177694
G17	G98	0.014448940265948002
G43	G84	0.014448643915544639
G57	G8	0.014445120440193639
G79	G98	0.01444106967538255
G10	G91	0.014439353403567215
G84	G18	0.014435418846149971
G7	G25	0.014427501318983895
G100	G87	0.014421410067037356
G81	G36	0.014420404377982749
G13	G75	0.014417564841199736
G37	G5	0.014417228878287894
G20	G59	0.014407307522852927
G50	G5	0.014404166096853464
G79	G78	0.014389245224509864
G10	G38	0.014385292827553462
G46	G32	0.014382339999344542
G31	G22	0.014381680555621272
G34	G39	0.014377129384699537
G19	G69	0.014371947425563957
G67	G52	0.014354065667230905
G61	G57	0.014343483621337158
G29	G76	0.014341205141402498
G78	G53	0.01433197953962164
G3	G34	0.014329694606799575
G19	G29	0.014303244970777649
G72	G52	0.014301296762092736
G62	G61	0.014296581979782565
G55	G12	0.014284564531109618
G19	G12	0.014274787954249867
G74	G25	0.014272646380748833
G50	G76	0.014271110956127488
G55	G28	0.014267987916368798
G37	G57	0.014267272653333876
G14	G56	0.014266148829130926
G70	G95	0.014258850655142371
G82	G100	0.014258845387385942
G86	G37	0.014254047065021975
G61	G78	0.014246297049630008
G62	G1	0.014245291094699143
G50	G53	0.01420206860441023
G43	G92	0.014199325318543636
G11	G67	0.014195553926978983
G90	G7	0.014176931167301936
G78	G61	0.01416847340971637
G90	G24	0.01416643324371786
G36	G56	0.014150742196658043
G41	G95	0.014144712006977027
G21	G55	0.014141845768430156
G32	G94	0.0141378287357424
G57	G92	0.014112159145131935
G37	G1	0.014095005141254903
G46	G90	0.014093274393054587
G23	G43	0.01408393740781737
G57	G53	0.01407676838625433
G82	G35	0.014072978693900201
G8	G85	0.014071127004399568
G2	G65	0.01406751482596942
G60	G26	0.014053580457681314
G50	G32	0.01405307972183351
G31	G84	0.014046761941835417
G64	G1	0.014042586996480163
G38	G82	0.014041198650296188
G3	G11	0.014036903262163093
G72	G95	0.014031878709489801
G3	G78	0.014029622153108328
G8	G41	0.014024770960060242
G99	G6	0.014022973500944188
G80	G85	0.014008187178674001
G8	G49	0.01400302742862828
G11	G83	0.01399913339517618
G99	G1	0.013998172046694195
G19	G17	0.013995495188640591
G16	G49	0.013994402757626766
G53	G56	0.013994263730681132
G38	G86	0.013983691922658867
G14	G24	0.013983516288649009
G26	G3	0.013941832355854103
G5	G81	0.013940378398686353
G50	G48	0.01393911168765557
G60	G55	0.013938025665369766
G94	G38	0.013937456324283925
G67	G69	0.01393365245278417
G87	G13	0.013929630094974877
G1	G74	0.013921914739206497
G45	G95	0.013919261939482813
G12	G22	0.013915988495912576
G93	G49	0.01389689867559611
G45	G14	0.01386168571260877
G80	G97	0.013853620006110168
G99	G24	0.013851579023322777
G35	G7	0.013850556491841299
G56	G78	0.013848182601822905
G58	G73	0.013824863228382932
G96	G47	0.01382330921841291
G76	G35	0.01381867805287389
G22	G6	0.013814631788409143
G37	G29	0.013807214156601506
G93	G86	0.013798710773665873
G88	G38	0.013794587897367148
G48	G19	0.013794576586268772
G84	G43	0.013779983485556065
G43	G90	0.01377739884714777
G96	G13	0.013764750221996082
G87	G77	0.013758618497972887
G37	G42	0.013758566809873321
G95	G22	0.013755726344695381
G81	G80	0.013752421282655266
G36	G73	0.013744945245067204
G34	G73	0.01374146484329667
G3	G25	0.013740852066638085
G2	G43	0.013739152260865693
G62	G70	0.013738788472409095
G65	G11	0.013728853227720229
G8	G24	0.013727769562242304
G34	G11	0.013708380697437798
G42	G52	0.01370639754929727
G98	G71	0.013706026613389218
G68	G12	0.013701866545840193
G13	G29	0.013700390111913808
G32	G26	0.013687232893285349
G25	G34	0.013682759130192495
G46	G29	0.013681634519393027
G40	G29	0.013677152373070392
G71	G22	0.013674936595954767
G43	G55	0.013671358695549987
G60	G19	0.0136676108208918
G31	G56	0.013666258734670448
G57	G11	0.013658482366438362
G99	G30	0.013657557464758184
G59	G68	0.013650381642895686
G50	G33	0.013649273960768307
G62	G29	0.013646453136040433
G88	G18	0.013646284938186351
G23	G60	0.013636546272006533
G97	G27	0.013632793445519478
G36	G35	0.013621769700179745
G87	G57	0.013617951393862182
G72	G76	0.013616399223032013
G25	G61	0.013609109008366167
G85	G30	0.013605610245279356
G87	G41	0.013600997693349322
G30	G13	0.013598357380871347
G81	G45	0.013595475588887677
G13	G86	0.013590112639503089
G28	G70	0.013577236398914873
G17	G24	0.013576202422317432
G8	G1	0.013573392176260891
G14	G9	0.013565836820360062
G27	G69	0.013563847799779146
G68	G29	0.01355746799247068
G23	G49	0.01355102739748842
G44	G95	0.013547797817294732
G8	G34	0.013543222628397196
G95	G25	0.013538319464837576
G31	G79	0.013537276816807473
G94	G17	0.013535294355653373
G100	G89	0.013530275398788455
G33	G56	0.013526295071749923
G83	G36	0.013521751323319979
G89	G47	0.013498931306877102
G88	G39	0.013493972051021551
G69	G67	0.013491437912978419
G8	G100	0.013486300220692015
G58	G29	0.013475255258060042
G95	G74	0.013472127746432003
G81	G57	0.013459100288418093
G10	G50	0.01345832741890599
G8	G20	0.013445782356674452
G11	G75	0.01343301266559588
G52	G72	0.013432994568381634
G13	G39	0.013416874357014935
G55	G79	0.01340761286190461
G93	G91	0.013395342820295498
G87	G84	0.013390624448366337
G27	G55	0.013388746852986416
G80	G30	0.013387824081361327
G60	G30	0.013382495414405176
G59	G15	0.01338157547462579
G32	G20	0.0133800257779863
G69	G53	0.013378975744384328
G72	G38	0.013373319013906594
G70	G48	0.01336840584394203
G56	G100	0.013354129335473709
G93	G32	0.013350123828196617
G61	G7	0.013349756952682314
G88	G35	0.01334401874950251
G36	G53	0.013336508123552
G58	G75	0.01333593339606073
G47	G12	0.013335290484814298
G70	G77	0.013333329492365318
G71	G3	0.013331184746411309
G45	G47	0.013327250584782008
G27	G49	0.013319170353436023
G47	G29	0.013316799757796458
G52	G64	0.013302006205792923
G14	G62	0.01329763476899082
G86	G35	0.013294717010813632
G2	G71	0.01329128265420044
G14	G99	0.013288512594974317
G55	G21	0.013288482700101151
G53	G78	0.01327835823644941
G87	G69	0.013277482933767702
G39	G73	0.013276552314665194
G86	G60	0.01327042548977069
G54	G50	0.013262701534835133
G83	G55	0.013252015241066631
G67	G19	0.013247630165538822
G47	G84	0.013239332213974964
G53	G7	0.013239288747090044
G24	G28	0.013238070153405489
G21	G16	0.01322349657975573
G47	G41	0.01321561649463049
G29	G21	0.01321434900398579
G72	G11	0.013211499492639276
G86	G88	0.013210355652407468
G40	G64	0.013210176180304773
G87	G24	0.013204809193905905
G13	G7	0.01319474067192058
G91	G77	0.01317907260869419
G25	G35	0.013177616823903221
G59	G10	0.0131707281514581
G13	G77	0.01316634712639311
G76	G27	0.013159445656890593
G41	G10	0.013158876065186946
G97	G9	0.013154015167821878
G53	G44	0.01314610604495106
G87	G33	0.013136107313594731
G28	G53	0.013128753365881818
G84	G56	0.013126602013581495
G25	G52	0.013123336594553725
G86	G13	0.013121681056770078
G5	G13	0.013121651605324521
G17	G25	0.013114187168735494
G26	G74	0.013082814707344867
G4	G12	0.01308152838489557
G71	G34	0.013080574022447179
G49	G14	0.013076736789638648
G52	G29	0.013075941104883826
G92	G62	0.013052584746553025
G34	G78	0.013048111824437884
G48	G22	0.013047008203826505
G41	G4	0.013046207693481715
G64	G6	0.01304450214570204
G75	G54	0.013042825075509168
G49	G57	0.013038296844889621
G24	G58	0.013035276850144361
G44	G86	0.013034108340185382
G87	G88	0.013033167073743033
G63	G67	0.013032903330568404
G45	G46	0.01302756007161146
G92	G47	0.013012226161835545
G26	G25	0.013009070710214838
G72	G77	0.01300214920326371
G10	G32	0.01299698013163451
G21	G4	0.012995006098629757
G91	G100	0.012982602805789374
G8	G50	0.012974426785488616
G31	G90	0.01297441312914746
G46	G61	0.012971445207845999
G4	G35	0.012968644402690669
G74	G2	0.012967141014393266
G19	G98	0.012953486062102325
G35	G84	0.012952169792589478
G18	G68	0.012943681686886444
G34	G83	0.012938648811630565
G34	G65	0.012935276330883405
G17	G38	0.012934890521221739
G50	G60	0.012934542139142103
G100	G29	0.012925806908910806
G53	G22	0.01292262369172891
G21	G78	0.012916114304422244
G64	G90	0.012912010788012566
G42	G72	0.012907344361548423
G74	G10	0.012901206513490065
G97	G32	0.012900195428770368
G79	G46	0.012898893235413534
G61	G41	0.012895010509761546
G41	G99	0.012893748762552048
G39	G31	0.012889479842690676
G74	G44	0.012888917562447895
G51	G84	0.012886165056363554
G32	G74	0.01288522817056645
G78	G93	0.012879111191078542
G46	G12	0.012876801574555868
G95	G78	0.012870331402166176
G60	G25	0.012863347802826998
G54	G69	0.0128580802001478
G28	G52	0.01285389733791792
G30	G87	0.012847413261727563
G82	G95	0.012839155088858769
G95	G88	0.012834737726995659
G33	G73	0.012833984847198419
G96	G87	0.012827061842035418
G78	G75	0.012826981451534372
G96	G5	0.012817343597473814
G86	G7	0.01281718434470481
G22	G68	0.01281696468778203
G95	G45	0.01280359036626975
G69	G35	0.012802965486833826
G76	G95	0.012802270468069138
G35	G100	0.012801017373942729
G82	G5	0.012799021655271426
G48	G97	0.012789806147718956
G25	G86	0.01278824383899174
G53	G12	0.012787292836995723
G19	G11	0.012781718415426772
G98	G3	0.012780806476002923
G55	G60	0.01278065208285971
G3	G98	0.012778748984036584
G45	G76	0.012769346498091213
G5	G96	0.012763976409504867
G78	G37	0.012761730569674133
G38	G95	0.012758619211709956
G76	G21	0.012746738230700393
G73	G22	0.012734470066284687
G38	G9	0.012731745085791618
G93	G29	0.012726478797737662
G58	G25	0.012719589841349372
G42	G14	0.012711062648921249
G39	G40	0.012696563895632285
G24	G8	0.012689307955087789
G49	G54	0.01268749986532165
G7	G22	0.012686866519055106
G3	G53	0.012686339879427452
G22	G71	0.01268420891732114
G35	G90	0.012678697831252124
G35	G76	0.012678174290160044
G42	G88	0.012668742000513045
G42	G56	0.012664101624163978
G57	G33	0.01266114621373955
G23	G98	0.012653478239859755
G97	G60	0.012644884160499057
G35	G73	0.012642128622564515
G11	G30	0.012638351178281387
G24	G42	0.012637111980556169
G82	G22	0.01263462042266611
G49	G81	0.012630927168148193
G27	G70	0.01263028999129433
G5	G19	0.012625811012586875
G27	G9	0.012623880424799568
G88	G67	0.012620158887778298
G38	G81	0.012617764448466129
G1	G92	0.012615664638290685
G40	G26	0.012614053239597483
G74	G42	0.012611673080169482
G43	G79	0.012607705754016754
G53	G72	0.012605984836559643
G95	G7	0.012601549105373226
G100	G94	0.0126013605375505
G14	G22	0.01259370229761208
G15	G55	0.012581179252746528
G64	G35	0.012573793478217
G55	G7	0.01257085822135413
G22	G77	0.01256433006973253
G28	G25	0.01256222173865797
G24	G55	0.0125582678103645
G31	G54	0.012553624683390927
G65	G26	0.01255356635218409
G6	G59	0.012551825721930523
G5	G48	0.01254427159644217
G17	G72	0.012543230875429884
G28	G37	0.012539834216560073
G84	G71	0.012535425821818404
G90	G35	0.012533227479390166
G41	G49	0.012528830755260524
G46	G69	0.0125250896910998
G68	G43	0.012520184855395515
G15	G68	0.012514402387403669
G75	G13	0.012503535124137499
G23	G61	0.012502668787022579
G71	G97	0.01250103927558861
G97	G86	0.012493424132586637
G16	G10	0.012492424320692757
G84	G19	0.012488888468903033
G26	G69	0.012486326773504945
G39	G42	0.012485159602192724
G22	G11	0.012473543484480307
G62	G72	0.01246859859284036
G7	G71	0.012466600397356238
G63	G4	0.012462452741832218
G35	G75	0.012454737829197832
G77	G55	0.012446204878783215
G72	G98	0.0124419368987859
G88	G34	0.012441198890844994
G27	G73	0.012436414707040799
G85	G1	0.012431016449323155
G87	G22	0.012421729513180232
G83	G75	0.012418301182047307
G46	G47	0.012410834433595136
G44	G4	0.012407148179177572
G43	G89	0.01240613065454865
G92	G48	0.012404646909940118
G9	G53	0.012397548299263466
G54	G17	0.012396838790700727
G34	G17	0.012391846085795244
G89	G71	0.01238512994213429
G94	G11	0.012384327782740042
G46	G19	0.012383052123321291
G13	G78	0.012381544322490477
G76	G4	0.012378765742537157
G41	G24	0.01237694034532988
G65	G92	0.0123736889672461
G27	G88	0.012368583697361761
G59	G2	0.012365657764775134
G92	G73	0.012362192075849395
G22	G35	0.012356614225643185
G50	G91	0.012355137919830637
G7	G26	0.012353195854021797
G55	G73	0.012350199539868198
G35	G6	0.012347741023008453
G69	G19	0.012344945443494659
G15	G65	0.012341509761785779
G67	G30	0.012341470118259005
G10	G75	0.012336429411125047
G53	G52	0.012322391767595578
G8	G39	0.012320571099076177
G90	G30	0.012316217568531197
G65	G60	0.012312564371735434
G96	G67	0.012311529582956744
G1	G72	0.012308342916660128
G53	G27	0.01230682133145168
G68	G22	0.012306412667064861
G37	G46	0.012305980036916332
G9	G49	0.012302662013520888
G11	G22	0.012301387997103477
G22	G46	0.012299857639521353
G98	G77	0.012298568626763214
G78	G76	0.012295983190023415
G14	G91	0.012289770712791154
G93	G9	0.012287376408322642
G99	G18	0.012286140417797521
G41	G78	0.01228378670171537
G21	G33	0.012280740593556222
G30	G49	0.01228006427513526
G47	G7	0.012278346688032404
G74	G19	0.012275676241552414
G53	G20	0.012272930912849546
G6	G67	0.012268801523402645
G52	G7	0.012268567579905267
G35	G34	0.01225264794442284
G25	G7	0.012247864290228307
G42	G71	0.012246236938791932
G68	G19	0.012238169614412982
G71	G84	0.01223685734741691
G1	G3	0.012229154764936122
G22	G30	0.012228151070791907
G25	G80	0.0122280526266522
G36	G20	0.012223272643096209
G47	G53	0.012215475620869588
G36	G67	0.012211919138830496
G91	G78	0.012210361526096652
G99	G32	0.012208787586509342
G7	G74	0.012208485456119996
G5	G36	0.01218814495140863
G58	G52	0.012185788111101329
G83	G47	0.012184147464749408
G8	G74	0.012183941395418816
G40	G36	0.012181282214431181
G90	G14	0.012179923231186612
G51	G61	0.01217831073556198
G22	G72	0.012177231478922378
G96	G80	0.012169151320171568
G71	G27	0.01216834519233473
G47	G85	0.012166789682793971
G67	G56	0.012154663771274467
G6	G4	0.012151492051404613
G3	G56	0.012145484359503416
G76	G69	0.012145062494763558
G80	G88	0.012128207735005106
G65	G34	0.012126462917316137
G68	G15	0.012124381303019925
G15	G57	0.012119757934050143
G84	G87	0.012104869843840859
G21	G97	0.01210082801638818
G16	G26	0.012097687314768355
G63	G61	0.012097474320958942
G48	G71	0.012095407274241852
G100	G54	0.012094151010222176
G13	G52	0.012089145922446979
G50	G78	0.012087573499671997
G18	G78	0.012086684877456783
G38	G87	0.012083924294380866
G54	G32	0.01207869219606345
G41	G85	0.012072902999829464
G58	G96	0.012070265888838307
G88	G65	0.012068445006823976
G90	G25	0.012065147082387385
G3	G26	0.012055901190901837
G19	G95	0.012046235888488452
G83	G5	0.012044398521452962
G71	G54	0.012035197678287158
G4	G32	0.012031237689611361
G35	G37	0.012013555159497985
G74	G4	0.012008560664166064
G38	G12	0.011998485397236412
G9	G10	0.011991490812884104
G28	G33	0.011990020340789255
G54	G72	0.011989341923353124
G67	G55	0.01198069634416252
G72	G55	0.011979569973740358
G57	G90	0.011979218339394604
G79	G29	0.011978673729879956
G59	G12	0.011973662747072632
G95	G34	0.01196553142406636
G9	G97	0.011963574946456173
G30	G42	0.011961862255235083
G65	G67	0.011959155380832781
G86	G21	0.011956091238468792
G1	G25	0.011955307966813622
G29	G11	0.011955287644123003
G9	G80	0.01195208380199976
G80	G50	0.011951176678577306
G73	G53	0.011942678489509185
G12	G68	0.01194152873534366
G49	G4	0.011940935922503833
G46	G78	0.01194089533681506
G9	G79	0.011938523440930928
G91	G4	0.011936815977125132
G58	G12	0.011932361334257905
G90	G92	0.011931467358741477
G14	G28	0.01193146359866504
G43	G36	0.011929601691070046
G34	G82	0.011926491143146386
G86	G31	0.011920895883077952
G64	G52	0.011917810221587999
G21	G22	0.011917113420316327
G22	G69	0.011915963572701267
G90	G64	0.01191515935752656
G58	G100	0.011913069891377644
G51	G44	0.01190970893923295
G52	G69	0.011909162918633715
G8	G2	0.011902749761587027
G75	G29	0.011901473048291082
G58	G28	0.011900187638613299
G4	G34	0.011897360373218811
G72	G29	0.011894882578398824
G7	G29	0.01189109556844106
G38	G92	0.011890412177675488
G14	G79	0.011888539121976403
G57	G60	0.011885793566547436
G6	G21	0.011885411942708568
G94	G26	0.011882713262687814
G63	G53	0.011880931070856356
G27	G7	0.011873810688030633
G57	G82	0.011869866402736292
G56	G84	0.011869459623900326
G54	G52	0.011867038350157325
G21	G98	0.011866694247524822
G59	G76	0.011863418537842027
G54	G7	0.011861928997214093
G71	G74	0.0118605797399112
G79	G91	0.011860126826233093
G68	G67	0.011855207740231483
G67	G65	0.011854564182723563
G76	G33	0.011852933902188207
G89	G44	0.011852574050283077
G87	G94	0.011849141527712164
G38	G77	0.011848529804363954
G5	G30	0.01184310418586505
G28	G47	0.011838937489661345
G83	G51	0.011834372288351774
G42	G98	0.011834296294736375
G88	G29	0.011833368530884231
G68	G25	0.011832300043692656
G94	G42	0.011822154843008663
G53	G28	0.011819250604039419
G46	G67	0.011816090743265626
G8	G67	0.011813663411930698
G67	G25	0.011813018989838227
G22	G53	0.011799057169683845
G69	G26	0.011797013786935236
G39	G95	0.011795224739160642
G4	G100	0.011791477178950908
G23	G38	0.01178998444405006
G24	G51	0.011789640336214536
G7	G12	0.011788846703625623
G25	G29	0.011788179530461919
G17	G50	0.011784813564239908
G93	G21	0.011779970421530398
G1	G95	0.01177756655547178
G67	G72	0.011776416053410158
G54	G39	0.011773198486705064
G27	G38	0.011771805220675953
G96	G60	0.0117709402839508
G11	G72	0.011766938137076173
G49	G56	0.011766289097419454
G60	G49	0.01176506849716275
G3	G94	0.011763780868046985
G19	G2	0.011763122960617427
G69	G10	0.011757859080882494
G20	G4	0.01175064673242945
G46	G53	0.011748464782997315
G53	G57	0.011748275047282646
G34	G88	0.011746869592142446
G94	G81	0.011745204718519005
G65	G73	0.011742286248404848
G29	G25	0.01174106897781389
G65	G89	0.01174094271213909
G48	G35	0.011739754498476343
G61	G72	0.011739419637306134
G56	G31	0.011730693189673631
G49	G92	0.01172871422113017
G54	G85	0.01172421368538592
G68	G3	0.011708890587740831
G14	G78	0.011708762455845418
G27	G83	0.011706796238326529
G50	G37	0.011706772133083045
G84	G46	0.01170324633602507
G59	G81	0.011701419870722823
G47	G9	0.011695890717339587
G90	G82	0.011690879065237771
G69	G76	0.011687788400583052
G33	G54	0.011684393336082805
G100	G77	0.011681150916099083
G8	G45	0.011673672540483978
G41	G42	0.01167337274120142
G37	G38	0.011671830694571686
G57	G37	0.011664437346877134
G56	G27	0.011663611810170949
G17	G81	0.011659895352375153
G98	G33	0.011655313243765337
G2	G76	0.011654123154902841
G45	G99	0.011652127310100282
G67	G12	0.011649481251645277
G57	G81	0.01163681739937055
G69	G33	0.01163671232067226
G69	G12	0.011631675101108928
G92	G66	0.01163023701449373
G34	G28	0.01162842614683033
G29	G9	0.011624844445684974
G55	G77	0.01161899616892244
G13	G19	0.011615695737827026
G48	G61	0.011610668234875575
G74	G100	0.011609693410765898
G80	G100	0.011608767362989839
G90	G20	0.011606489255817004
G51	G41	0.011605932557359318
G25	G2	0.011605597788386537
G31	G91	0.011598789842947878
G67	G78	0.011598146127384575
G58	G71	0.011597665252118892
G47	G77	0.011595197491938472
G57	G29	0.011593875461656114
G54	G97	0.011593394991842206
G50	G6	0.011589992648705546
G54	G28	0.011589673101097785
G74	G72	0.01158858152295262
G43	G95	0.011586107126483227
G57	G28	0.01158362004719287
G82	G53	0.011582583100993861
G17	G82	0.011582263742158462
G44	G28	0.011581468388690263
G46	G4	0.011578128544929222
G75	G95	0.011577477980385328
G26	G47	0.011575762666353592
G96	G100	0.011575599203540893
G78	G73	0.011574347225169167
G40	G59	0.011568427595716049
G8	G6	0.011564839327714281
G70	G55	0.011556725600515403
G46	G17	0.011550911879287792
G25	G13	0.011550619192348
G22	G13	0.011547973255524506
G85	G20	0.0115463910117261
G92	G58	0.011543967583746316
G98	G48	0.011540566750416967
G93	G30	0.011529470821962713
G77	G72	0.011527115074843216
G43	G7	0.01152525078764823
G85	G69	0.011518792406253737
G81	G97	0.011517114608548656
G64	G73	0.011516696176667661
G90	G61	0.011510117866406239
G52	G81	0.011505766933326503
G15	G66	0.011503099251254182
G75	G36	0.011502352224466463
G60	G43	0.011501291818232015
G4	G6	0.011500139518578636
G36	G55	0.011494527121109748
G40	G50	0.011490303161981465
G31	G70	0.011481532481294358
G5	G88	0.01147998953648671
G56	G7	0.011478741567181155
G39	G27	0.01147748610888089
G57	G54	0.011470315348357515
G43	G48	0.011469338557655879
G86	G5	0.011465350823532748
G11	G57	0.011458451472106553
G86	G97	0.011455691253637275
G83	G58	0.011453072469602803
G80	G4	0.01144963540236555
G29	G48	0.011443679579656143
G41	G48	0.01143985850405106
G93	G79	0.011438386746337913
G56	G25	0.011437633725086212
G36	G47	0.011431635947422152
G20	G35	0.011429925775455188
G96	G83	0.011424898080531392
G79	G31	0.011421919712903482
G33	G57	0.011416988740856808
G90	G56	0.011414037590033472
G77	G19	0.01141375652751069
G34	G33	0.011411805994876479
G85	G93	0.011411488967518132
G35	G64	0.011410915674773063
G91	G33	0.011408567947987783
G27	G6	0.011401785788118977
G85	G87	0.011401376923929663
G82	G81	0.01140098599079979
G98	G19	0.011398961798038742
G85	G49	0.011398226145411881
G6	G22	0.01139788233361513
G78	G67	0.011395049299160446
G1	G66	0.011392376326374281
G39	G47	0.01139005107510098
G47	G100	0.0113862859039705
G96	G32	0.01138084445003117
G56	G74	0.011378564386709198
G81	G58	0.01137695677963744
G16	G51	0.011371267523357115
G26	G67	0.011371148479398593
G70	G74	0.011364678088768915
G19	G13	0.01136177075006937
G32	G49	0.011355565681600456
G32	G72	0.011351610143800244
G51	G55	0.011350982541153456
G26	G72	0.011348665488277537
G87	G28	0.011345535976665573
G21	G76	0.01134107931137032
G88	G11	0.01133817697478598
G29	G12	0.011337545548415285
G16	G22	0.011337178056861293
G25	G28	0.011335477637637141
G10	G34	0.011335387178799934
G69	G62	0.011334495917018668
G91	G36	0.011333771592630396
G87	G55	0.01132808541976108
G50	G83	0.011320023201752556
G98	G25	0.011317515997324142
G52	G78	0.01131704800894793
G48	G27	0.01131607037198277
G71	G72	0.0113099663358246
G11	G52	0.01130722940853293
G67	G33	0.01130666432196299
G29	G58	0.01130499838801557
G98	G75	0.011304644737600076
G65	G85	0.011303982808197322
G17	G54	0.011297909180047243
G33	G4	0.011295041139776908
G96	G86	0.011293938950661346
G22	G19	0.011291491687594963
G42	G73	0.01128977470505519
G44	G57	0.011289044635097908
G91	G69	0.011287656631413286
G38	G98	0.011287614895356167
G40	G14	0.011287384311222535
G19	G27	0.011285753312603437
G40	G25	0.011284720590998092
G94	G71	0.011278464525758711
G83	G2	0.011278189805789278
G57	G1	0.011277756867281614
G55	G4	0.011273679766874722
G32	G17	0.011270298782436964
G74	G43	0.011269483965438795
G92	G7	0.011267831125982498
G80	G16	0.011264166634385753
G39	G26	0.011257542870137124
G6	G9	0.011254496754677223
G57	G51	0.011253218905928468
G73	G29	0.01125130028555317
G96	G29	0.011242187967312554
G70	G65	0.011241248250081902
G100	G28	0.011240249032784956
G33	G100	0.01123718842262748
G39	G9	0.011233796747055156
G49	G51	0.011227391589295227
G4	G54	0.011220693157003877
G42	G61	0.011220549554216726
G85	G55	0.011219120484173754
G88	G6	0.011214950555861759
G44	G7	0.011208995607335794
G87	G2	0.011207789517224979
G58	G70	0.011201932314849141
G54	G25	0.011201434072171178
G56	G92	0.0112003892518942
G73	G35	0.011195185870241525
G25	G58	0.011194958747898788
G35	G72	0.011194098847047328
G19	G62	0.011193058585717518
G81	G8	0.011190609306880917
G76	G78	0.011183796921071422
G50	G100	0.011183506703203677
G2	G62	0.011182645785545637
G35	G53	0.011182270712390275
G84	G36	0.011176279912297714
G35	G57	0.011174896018805018
G13	G25	0.011172755708700367
G84	G76	0.011172733115110028
G47	G28	0.011169417460540643
G78	G7	0.011169024234942213
G82	G3	0.01115563979258332
G8	G21	0.011155318439016333
G93	G25	0.011152568996015366
G61	G56	0.011152022186178188
G3	G71	0.011141328993307883
G43	G91	0.011140030707146004
G47	G40	0.011137462526647527
G30	G11	0.011135831857628467
G81	G30	0.011134503674295759
G44	G85	0.011130501215244889
G72	G4	0.011129797342821665
G79	G18	0.011125112457812692
G61	G20	0.01111768193056987
G99	G93	0.011117174367340915
G43	G81	0.011114906930354832
G31	G71	0.011113507878838321
G38	G67	0.011109799989337615
G72	G53	0.011104905304686698
G5	G33	0.01109686560430706
G20	G53	0.011093314902578361
G14	G61	0.011092280837125802
G19	G71	0.01108907092526303
G25	G68	0.01108526217167387
G7	G35	0.011080481650430761
G8	G86	0.011079335564337895
G20	G17	0.011073493440653824
G43	G57	0.011070914925587127
G51	G78	0.011068388704431933
G10	G22	0.0110675628702329
G9	G61	0.01105521746077218
G20	G36	0.011054651299153615
G50	G45	0.011052059351018512
G53	G19	0.011044904541211065
G76	G11	0.011041076123254584
G81	G3	0.011040272621059947
G52	G54	0.011039887564403895
G58	G4	0.01103512681846244
G70	G31	0.011035071629349993
G11	G95	0.01102781692275607
G17	G35	0.01102570757806792
G21	G8	0.011025381344750637
G50	G16	0.011023879518730994
G76	G28	0.011020836428810212
G88	G56	0.011018567170204734
G58	G48	0.011017535804294529
G63	G2	0.01101711526051851
G56	G62	0.011016941136490833
G92	G78	0.011015178411438379
G45	G48	0.011014103530432601
G22	G52	0.011013420180180858
G13	G22	0.011012814818517375
G36	G91	0.011011992430161013
G55	G95	0.011011285082634957
G79	G52	0.011011185059704803
G32	G75	0.01100743759128101
G69	G94	0.011003337014204221
G96	G1	0.011001519868747789
G68	G74	0.010998363749907125
G59	G63	0.010996937522387252
G41	G15	0.010995206280369672
G82	G61	0.010994849244147141
G56	G28	0.010992625865215641
G35	G47	0.010986670516509128
G42	G4	0.01098540125276225
G81	G95	0.010984033953677176
G96	G88	0.010977822058648782
G93	G85	0.01097756825052941
G54	G48	0.010977208288067931
G56	G44	0.010976725455992995
G97	G77	0.010971427773978573
G81	G79	0.010968735098395615
G97	G96	0.010958645337669114
G5	G14	0.010956247574358069
G85	G44	0.010955366128079028
G20	G100	0.010955356012390652
G29	G78	0.010953908212418234
G22	G21	0.010953175360303966
G43	G52	0.01094875014599267
G79	G55	0.010947985898629416
G5	G90	0.010946711868305566
G38	G71	0.010943541401475913
G4	G71	0.010943194843369313
G83	G8	0.010937399557369134
G78	G4	0.010936032254861318
G18	G23	0.010935939162085982
G5	G74	0.010935486059594674
G60	G92	0.010929885350548767
G98	G8	0.010927376558799998
G89	G67	0.0109271503142153
G93	G7	0.010923178921789577
G68	G77	0.010916038846111597
G16	G3	0.010913645059600428
G55	G62	0.010913478503483573
G27	G16	0.0109104177625465
G12	G6	0.010909946084421597
G5	G29	0.010909894832788841
G27	G33	0.010908529537089803
G85	G63	0.010908476085244687
G93	G3	0.010906862057583285
G76	G73	0.010905718484998104
G4	G98	0.010903992857598898
G25	G74	0.010898589758560822
G13	G71	0.010892899314392834
G37	G74	0.010883236764196261
G50	G22	0.01088289795107174
G73	G78	0.010882431636187686
G39	G45	0.010878087339541296
G21	G17	0.010876571401329025
G23	G3	0.010875976035910484
G85	G26	0.010875294895888872
G90	G100	0.010873385004356771
G69	G6	0.010871429705496871
G64	G56	0.010870682661661841
G65	G29	0.010865443504918904
G11	G73	0.010862101860735784
G37	G78	0.010861093661279466
G37	G84	0.010860005333472039
G46	G42	0.010859388340466031
G76	G44	0.010858965187317125
G12	G58	0.010856409823587697
G1	G62	0.01085259036599392
G91	G55	0.010852268689200627
G48	G72	0.01085092157444085
G34	G13	0.0108499487858022
G35	G95	0.010849521376710126
G95	G27	0.01084591893954408
G74	G26	0.010841697045083802
G71	G2	0.010840546083561444
G85	G100	0.010839412757011588
G33	G17	0.010835490040773499
G7	G77	0.0108351921709657
G4	G64	0.01083308246641052
G13	G98	0.010829356123539203
G51	G9	0.010828199956024133
G21	G69	0.010812946116176954
G42	G11	0.010812812974563338
G93	G77	0.010812070647142884
G2	G39	0.010811836550825387
G69	G4	0.010804904972788592
G26	G10	0.010803672203922213
G7	G58	0.010799407215417353
G60	G13	0.010795086754478697
G4	G75	0.01079442906619932
G35	G48	0.010794354740006677
G79	G54	0.01079143562686412
G97	G73	0.010790347364711513
G5	G64	0.01078528606579586
G79	G42	0.010781388980871073
G23	G46	0.010781241408891145
G58	G27	0.01078080249912088
G52	G56	0.010780665223458191
G43	G80	0.010780482836575405
G47	G25	0.010780035523509826
G38	G27	0.010777368188730301
G67	G71	0.010773598811320492
G95	G84	0.0107712729534715
G21	G88	0.010768275177133321
G55	G26	0.010767062132658736
G80	G26	0.010762702192554083
G42	G97	0.010761517895919467
G32	G1	0.010759558538863052
G22	G4	0.010755875670553246
G64	G26	0.010751933322762927
G39	G78	0.01075142325996718
G79	G93	0.010750588537615121
G99	G59	0.01075020027083408
