"G63"	"G66"	0.734606889593434
"G66"	"G63"	0.636905709223118
"G1"	"G15"	0.632056429073986
"G63"	"G70"	0.434425970875705
"G38"	"G83"	0.387066374227635
"G91"	"G89"	0.375296435179046
"G18"	"G32"	0.371790877705891
"G89"	"G92"	0.366091842032634
"G15"	"G1"	0.347966106874242
"G32"	"G8"	0.344185725161822
"G66"	"G68"	0.343827987261734
"G18"	"G16"	0.342526241638059
"G23"	"G21"	0.333772847739211
"G31"	"G30"	0.333705218198882
"G37"	"G93"	0.331670319932322
"G99"	"G81"	0.326157895882487
"G32"	"G42"	0.317715569515528
"G47"	"G10"	0.305027799809856
"G43"	"G82"	0.282222652866998
"G93"	"G14"	0.279222805452735
"G5"	"G40"	0.27146687571253
"G66"	"G62"	0.271125665040017
"G81"	"G87"	0.268874900081512
"G30"	"G31"	0.264301471171968
"G93"	"G37"	0.261313971783144
"G18"	"G6"	0.259948698753462
"G41"	"G97"	0.259612308875308
"G81"	"G88"	0.255640312220454
"G89"	"G91"	0.243271391588946
"G63"	"G60"	0.240316403012291
"G47"	"G50"	0.239645174339356
"G65"	"G57"	0.238005954079039
"G79"	"G23"	0.236346428354906
"G99"	"G2"	0.231025367044835
"G18"	"G46"	0.229469507695824
"G85"	"G24"	0.229205330854129
"G23"	"G79"	0.221551030806983
"G16"	"G77"	0.220332515011439
"G32"	"G18"	0.214522228949529
"G16"	"G18"	0.211459363603881
"G63"	"G65"	0.211048459889743
"G40"	"G5"	0.210548512180794
"G41"	"G39"	0.209488206837605
"G38"	"G14"	0.200338137067124
"G41"	"G64"	0.195552531867651
"G6"	"G49"	0.194697433537327
"G2"	"G1"	0.193954667317219
"G14"	"G38"	0.19119166942103
"G88"	"G36"	0.190000863694335
"G66"	"G64"	0.188766902277259
"G24"	"G85"	0.186792174254064
"G66"	"G56"	0.183905564366049
"G48"	"G25"	0.180281723143377
"G18"	"G59"	0.179457335900134
"G16"	"G9"	0.178337731050871
"G38"	"G85"	0.177315529135736
"G81"	"G99"	0.175333258325503
"G32"	"G39"	0.169638202964847
"G14"	"G93"	0.15784562776957
"G99"	"G20"	0.156102412810215
"G87"	"G81"	0.151952503921992
"G41"	"G46"	0.149963627379539
"G16"	"G80"	0.147210456664274
"G41"	"G45"	0.146709669859817
"G31"	"G36"	0.145505385893572
"G66"	"G57"	0.142362986076902
"G5"	"G43"	0.141478833992258
"G5"	"G80"	0.140146129145878
"G51"	"G87"	0.139251867680991
"G6"	"G18"	0.1387885961287
"G45"	"G28"	0.136306506884794
"G88"	"G52"	0.135427964295111
"G92"	"G89"	0.135156367838834
"G32"	"G41"	0.135090426376038
"G1"	"G2"	0.13265713874986
"G40"	"G17"	0.127217356634137
"G37"	"G97"	0.126687314466147
"G54"	"G3"	0.126112696299808
"G82"	"G43"	0.125467549605612
"G32"	"G59"	0.125464234486313
"G28"	"G98"	0.124299075638117
"G86"	"G82"	0.121022824392231
"G71"	"G75"	0.12066147490288
"G23"	"G40"	0.119617322285113
"G28"	"G45"	0.118196473827645
"G5"	"G49"	0.116992936951292
"G25"	"G48"	0.116723303611507
"G36"	"G34"	0.116213330572989
"G66"	"G65"	0.114982841922197
"G93"	"G51"	0.114473017755656
"G80"	"G5"	0.113974236186561
"G42"	"G13"	0.111538145148759
"G30"	"G28"	0.111190082315936
"G99"	"G5"	0.110790542107766
"G40"	"G23"	0.110744205339997
"G23"	"G99"	0.109244422094097
"G37"	"G91"	0.105695146723843
"G76"	"G52"	0.105397564949541
"G70"	"G63"	0.105173415878712
"G8"	"G17"	0.105160482541807
"G83"	"G38"	0.103941391252495
"G17"	"G41"	0.102822431861546
"G10"	"G47"	0.102581785662859
"G88"	"G20"	0.100943955197895
"G8"	"G37"	0.100710328578829
"G41"	"G17"	0.0996309983432873
"G18"	"G50"	0.0989635812445381
"G21"	"G79"	0.0983139569960426
"G23"	"G9"	0.0978023264842956
"G93"	"G96"	0.0957180575497988
"G64"	"G61"	0.0937178121636579
"G14"	"G96"	0.0933986482750346
"G90"	"G60"	0.0924699631538746
"G28"	"G30"	0.0923983737745625
"G32"	"G84"	0.0909107119520103
"G64"	"G16"	0.090798223055286
"G76"	"G61"	0.0906021012842328
"G46"	"G84"	0.0900635398793027
"G17"	"G85"	0.0889548349649272
"G6"	"G94"	0.0881814799034051
"G32"	"G47"	0.0874673816562035
"G47"	"G91"	0.0873446057423404
"G33"	"G20"	0.0870874768586774
"G24"	"G49"	0.0861508396581316
"G5"	"G99"	0.0861176426038493
"G2"	"G95"	0.0856535556907339
"G80"	"G90"	0.0827086114808619
"G52"	"G88"	0.0826818400942418
"G87"	"G43"	0.0823937027112272
"G59"	"G27"	0.0813655433076369
"G90"	"G86"	0.0812368989648477
"G97"	"G43"	0.0808388730674277
"G16"	"G90"	0.0801349737002463
"G35"	"G26"	0.0800163155094214
"G5"	"G47"	0.0797811039555666
"G32"	"G30"	0.0794467305216962
"G57"	"G55"	0.0794046723338252
"G23"	"G81"	0.0787209402903892
"G90"	"G44"	0.0774984008777231
"G83"	"G82"	0.0774795702051923
"G23"	"G88"	0.0772574776710365
"G41"	"G5"	0.0771948736190917
"G41"	"G51"	0.0765524943367224
"G16"	"G6"	0.0752439813200583
"G91"	"G92"	0.074959716261092
"G61"	"G58"	0.0749228913927431
"G53"	"G84"	0.0747693744978727
"G72"	"G73"	0.0745485140310928
"G64"	"G59"	0.0742174830223794
"G32"	"G10"	0.0741513325360461
"G49"	"G34"	0.0739939575095882
"G39"	"G64"	0.073664508708191
"G84"	"G53"	0.0734124481258679
"G8"	"G32"	0.0733724212902702
"G49"	"G96"	0.0728859813487854
"G20"	"G9"	0.0727398708063789
"G93"	"G80"	0.072272998180755
"G87"	"G51"	0.0714756818392335
"G91"	"G12"	0.0714556675952716
"G94"	"G95"	0.0714478493655107
"G69"	"G71"	0.0713754266771374
"G5"	"G41"	0.0712927174069957
"G23"	"G24"	0.0711884446993189
"G5"	"G24"	0.070458460652818
"G37"	"G8"	0.0697858921992729
"G3"	"G75"	0.0697788309535535
"G17"	"G90"	0.069749270045994
"G32"	"G27"	0.0694730591885011
"G32"	"G87"	0.069391181074186
"G82"	"G86"	0.0682597549501825
"G1"	"G19"	0.0680356348173334
"G80"	"G61"	0.0678566334172351
"G60"	"G65"	0.0678247756823286
"G70"	"G60"	0.0678217891852821
"G71"	"G69"	0.0673668579165124
"G72"	"G69"	0.0672047034570326
"G61"	"G59"	0.0667123278557992
"G40"	"G31"	0.0666657405378474
"G81"	"G23"	0.0657373953043158
"G88"	"G51"	0.0656147899462643
"G46"	"G99"	0.0655834302025883
"G95"	"G94"	0.0654653212951727
"G50"	"G47"	0.0654174838808643
"G75"	"G3"	0.064762028335872
"G93"	"G41"	0.0646220413366256
"G20"	"G33"	0.0641168118330079
"G16"	"G20"	0.0640487033683039
"G75"	"G71"	0.0631750184503886
"G32"	"G38"	0.0631455297901937
"G98"	"G28"	0.0626940940803307
"G45"	"G58"	0.0624530976768169
"G5"	"G6"	0.0620772153403911
"G39"	"G38"	0.0620256752172443
"G31"	"G11"	0.0619252305893269
"G71"	"G73"	0.0618316811831192
"G38"	"G47"	0.0616610761333814
"G30"	"G71"	0.0616370988209225
"G68"	"G55"	0.0615596662468544
"G9"	"G20"	0.0612233590652453
"G5"	"G60"	0.0609747114688462
"G46"	"G86"	0.060818480787068
"G92"	"G53"	0.0605823470468268
"G41"	"G2"	0.0602048947707593
"G12"	"G52"	0.059722951169201
"G40"	"G3"	0.0590685348852974
"G34"	"G75"	0.0590219470179902
"G31"	"G96"	0.0587671348608181
"G10"	"G67"	0.058623323144946
"G49"	"G24"	0.0584649620495062
"G37"	"G45"	0.0583579187137501
"G2"	"G99"	0.057882618626787
"G52"	"G12"	0.0571202907849239
"G91"	"G47"	0.0564454970136927
"G38"	"G42"	0.0563949787536519
"G34"	"G36"	0.0563627038758434
"G88"	"G81"	0.0560905413325247
"G72"	"G13"	0.0558954811251494
"G5"	"G79"	0.055361529523183
"G79"	"G86"	0.0550008409948481
"G38"	"G72"	0.0548272948403327
"G55"	"G44"	0.0546705110070821
"G47"	"G38"	0.0545305722682521
"G17"	"G86"	0.0516643055533055
"G32"	"G45"	0.0515185362797511
"G8"	"G57"	0.0514436172242097
"G63"	"G62"	0.0514071365416936
"G97"	"G2"	0.0513463368358806
"G10"	"G74"	0.0512537239841566
"G40"	"G94"	0.0511985089926727
"G8"	"G51"	0.0511219604141067
"G99"	"G17"	0.0510937344703534
"G51"	"G13"	0.0501819546520933
"G3"	"G40"	0.0501777250687503
"G52"	"G76"	0.0497259575791087
"G71"	"G70"	0.0496440156116168
"G41"	"G6"	0.049566295094376
"G96"	"G31"	0.049544606376134
"G74"	"G75"	0.0488971445941926
"G96"	"G49"	0.0486147030247302
"G23"	"G31"	0.0485574168670961
"G34"	"G19"	0.0483731561960563
"G49"	"G6"	0.0482777207310677
"G37"	"G43"	0.0479233746736907
"G23"	"G86"	0.0479174341510504
"G64"	"G41"	0.0478157538552546
"G99"	"G42"	0.0476832992324039
"G42"	"G86"	0.0474644824449285
"G82"	"G12"	0.0470395730787699
"G42"	"G74"	0.0470395532917747
"G35"	"G29"	0.0468814718542632
"G97"	"G37"	0.0468537603975349
"G38"	"G39"	0.0465817283671733
"G25"	"G44"	0.0465349237862793
"G32"	"G4"	0.0464567025593925
"G14"	"G100"	0.0461744106973988
"G14"	"G86"	0.0461206212856594
"G87"	"G39"	0.0459927428385
"G13"	"G42"	0.0459854385319482
"G58"	"G61"	0.0459845645395961
"G40"	"G80"	0.0458896508864206
"G41"	"G72"	0.045828086488513
"G36"	"G31"	0.0457421343941696
"G37"	"G79"	0.045661512918347
"G56"	"G67"	0.045512415099694
"G28"	"G100"	0.0454183384925062
"G43"	"G87"	0.0451889576929504
"G41"	"G61"	0.0450834622070466
"G80"	"G47"	0.0449191023960159
"G17"	"G45"	0.0445984109688294
"G63"	"G69"	0.0445944259640834
"G25"	"G26"	0.0445774356538649
"G17"	"G6"	0.0443003526760296
"G28"	"G77"	0.0442985893501032
"G17"	"G99"	0.0442855737622083
"G81"	"G41"	0.0437420535464476
"G45"	"G71"	0.043497260570992
"G49"	"G43"	0.0433333715304252
"G97"	"G4"	0.0433267318179167
"G61"	"G76"	0.0433188415151726
"G100"	"G95"	0.0433110142498831
"G61"	"G96"	0.0432308044215839
"G6"	"G16"	0.0429190229491943
"G29"	"G84"	0.0429156360817989
"G42"	"G58"	0.042858912026138
"G27"	"G22"	0.0428198927968921
"G49"	"G38"	0.0426978575528004
"G8"	"G76"	0.042553932908328
"G34"	"G67"	0.0425312865885659
"G23"	"G42"	0.0424720762854925
"G55"	"G36"	0.0422098164492722
"G37"	"G100"	0.0419728842128992
"G20"	"G99"	0.0417979762937826
"G90"	"G17"	0.0417859603228449
"G60"	"G90"	0.0417281305537652
"G27"	"G26"	0.0416706166888871
"G92"	"G91"	0.041563697116886
"G65"	"G62"	0.0413118000316663
"G80"	"G84"	0.0411576103128485
"G76"	"G46"	0.0410756127693055
"G77"	"G16"	0.0407780964630739
"G55"	"G67"	0.0406694107513216
"G52"	"G44"	0.0406619456571554
"G96"	"G8"	0.0406373347680209
"G5"	"G85"	0.0405081328188288
"G62"	"G55"	0.0404319082193432
"G62"	"G95"	0.0403913072400059
"G80"	"G54"	0.040292447777437
"G59"	"G64"	0.0400602361362137
"G51"	"G50"	0.0400439441696135
"G76"	"G29"	0.0400283547943948
"G21"	"G55"	0.0398930782731116
"G71"	"G67"	0.0397818229816039
"G42"	"G38"	0.0397270617592919
"G86"	"G33"	0.0396313353837583
"G8"	"G27"	0.0395179285092928
"G60"	"G33"	0.0394807086999164
"G95"	"G100"	0.0394504815517079
"G52"	"G48"	0.0394477530764712
"G88"	"G96"	0.0394009023746178
"G63"	"G64"	0.0393715152295145
"G16"	"G64"	0.0391638124344433
"G37"	"G14"	0.0391232720853079
"G38"	"G94"	0.0390913039385279
"G69"	"G78"	0.0390676347965367
"G46"	"G76"	0.038985763350818
"G39"	"G50"	0.0389576206108766
"G21"	"G23"	0.0388571100894417
"G41"	"G37"	0.0386939839678031
"G3"	"G54"	0.0384527728865612
"G43"	"G54"	0.0383275196969053
"G69"	"G73"	0.0382378441695994
"G23"	"G32"	0.038142238063985
"G8"	"G96"	0.0381102991896015
"G23"	"G59"	0.0380373970578156
"G10"	"G19"	0.0379965101845353
"G49"	"G44"	0.0378775520966836
"G18"	"G37"	0.0378179017325438
"G65"	"G54"	0.0376420711704174
"G39"	"G41"	0.0374060871531953
"G26"	"G27"	0.0373453663651982
"G71"	"G78"	0.0372665567422317
"G88"	"G74"	0.0371829584881239
"G9"	"G84"	0.0371502782357094
"G69"	"G55"	0.0370958373075366
"G5"	"G42"	0.0370692926333971
"G32"	"G23"	0.0370668689575289
"G11"	"G29"	0.0369968843716246
"G42"	"G24"	0.0368223147946308
"G74"	"G53"	0.0368187271877136
"G88"	"G64"	0.0367510305001706
"G66"	"G59"	0.0366403729797257
"G58"	"G11"	0.0362784470257404
"G79"	"G21"	0.0361535608644112
"G99"	"G94"	0.0361081504679891
"G73"	"G69"	0.0361046338378765
"G2"	"G45"	0.0360741574594235
"G57"	"G65"	0.0360328435717658
"G7"	"G97"	0.035881074854912
"G41"	"G47"	0.0358704003958014
"G41"	"G32"	0.0357490024125177
"G41"	"G9"	0.0357450065337783
"G28"	"G71"	0.0357367342517946
"G86"	"G90"	0.0356993634316334
"G91"	"G21"	0.0356003498015119
"G32"	"G96"	0.0355241067240024
"G43"	"G97"	0.0355228372838213
"G39"	"G81"	0.0350780906173091
"G54"	"G80"	0.0350687817231346
"G55"	"G22"	0.0350146544005917
"G45"	"G30"	0.0348591500764969
"G67"	"G22"	0.0346832738909588
"G89"	"G37"	0.0346537521388792
"G59"	"G18"	0.0346454902616601
"G88"	"G23"	0.0345572105314615
"G74"	"G3"	0.0344781498933517
"G73"	"G72"	0.0344480933102804
"G86"	"G11"	0.0343873617071915
"G3"	"G7"	0.0343633650898758
"G99"	"G46"	0.0343004533646868
"G96"	"G44"	0.034273277202106
"G80"	"G60"	0.034234237831331
"G15"	"G3"	0.0342126689689922
"G80"	"G9"	0.0341456019571122
"G87"	"G84"	0.0341137112246837
"G32"	"G97"	0.0341084674098917
"G26"	"G35"	0.0340552046333028
"G27"	"G76"	0.0339541141732074
"G24"	"G48"	0.0338837555879149
"G28"	"G22"	0.0337794374273586
"G17"	"G40"	0.0337095050575048
"G24"	"G83"	0.0336019321267663
"G24"	"G89"	0.0335731355723334
"G79"	"G90"	0.0335356626297553
"G38"	"G49"	0.0334444384927262
"G80"	"G41"	0.0334325636053652
"G17"	"G79"	0.033394789808543
"G37"	"G57"	0.033319185976165
"G5"	"G93"	0.0332921081048598
"G60"	"G70"	0.0332737575960485
"G85"	"G35"	0.0331225446942056
"G100"	"G56"	0.0330677312739029
"G39"	"G53"	0.0329256161934589
"G90"	"G48"	0.0328913375771626
"G26"	"G98"	0.0328324508496789
"G22"	"G33"	0.0328197679077155
"G100"	"G35"	0.0327912113132719
"G29"	"G35"	0.0327818987640025
"G18"	"G61"	0.0327214894392087
"G29"	"G56"	0.0326960233268141
"G90"	"G77"	0.0326944926003294
"G82"	"G10"	0.032666292601214
"G13"	"G58"	0.032599182505383
"G99"	"G11"	0.0325984719617812
"G13"	"G72"	0.0325851570484495
"G37"	"G90"	0.0324757096526267
"G88"	"G99"	0.0324737011391709
"G37"	"G20"	0.0323770926036212
"G76"	"G51"	0.0321882761434188
"G43"	"G49"	0.0321094713794067
"G69"	"G68"	0.0320884456327479
"G94"	"G27"	0.0320461378184927
"G80"	"G92"	0.0319420021366033
"G4"	"G97"	0.0319201342155691
"G12"	"G76"	0.0318931135214683
"G59"	"G66"	0.0318122226879628
"G22"	"G98"	0.0317979801332112
"G21"	"G9"	0.0316392062064763
"G25"	"G73"	0.0315339317754627
"G1"	"G25"	0.0315101224822503
"G34"	"G49"	0.0315011360675268
"G89"	"G55"	0.0313685008268951
"G74"	"G10"	0.0313459533138306
"G59"	"G62"	0.0313256742022325
"G75"	"G10"	0.0312293628655013
"G21"	"G4"	0.0311458133638157
"G41"	"G15"	0.0310794890799251
"G76"	"G48"	0.0310613878926904
"G14"	"G23"	0.0308068127396255
"G58"	"G45"	0.0307507497053631
"G84"	"G35"	0.0307233053909614
"G92"	"G44"	0.0306698807487294
"G3"	"G11"	0.0306186739524464
"G68"	"G69"	0.0304643890464175
"G51"	"G88"	0.0304007860997094
"G34"	"G83"	0.0303388088597679
"G24"	"G7"	0.0302983066986189
"G71"	"G91"	0.0301064669634673
"G88"	"G53"	0.0300647923382456
"G87"	"G26"	0.0300617169772982
"G27"	"G59"	0.0300133120417589
"G57"	"G8"	0.0299692585271874
"G40"	"G90"	0.0297963377427287
"G98"	"G26"	0.0296684995407281
"G37"	"G48"	0.0296271575155141
"G51"	"G40"	0.0295584751119032
"G46"	"G45"	0.0295421122358396
"G87"	"G100"	0.0295067286231407
"G3"	"G34"	0.029489022238136
"G54"	"G65"	0.0294595288213104
"G59"	"G36"	0.0294546907105057
"G39"	"G32"	0.0294194477069778
"G10"	"G58"	0.0294148079339093
"G56"	"G100"	0.0293900308509829
"G57"	"G44"	0.0293455544223174
"G46"	"G11"	0.0293156672104677
"G48"	"G52"	0.0291962411469851
"G53"	"G74"	0.0290772581744288
"G44"	"G77"	0.0290661970700066
"G13"	"G75"	0.0289471213397034
"G14"	"G45"	0.0289418799293487
"G11"	"G67"	0.0289216978851137
"G2"	"G22"	0.028895327572217
"G88"	"G86"	0.028890756018096
"G53"	"G11"	0.0288454743036025
"G56"	"G29"	0.028733042399
"G40"	"G51"	0.0286881194538294
"G98"	"G22"	0.0286682325559986
"G68"	"G48"	0.0286663610077506
"G30"	"G24"	0.0285269599496471
"G59"	"G83"	0.0285243164179852
"G71"	"G9"	0.0284818857449398
"G91"	"G97"	0.0284382271070311
"G50"	"G82"	0.0283919895960658
"G58"	"G19"	0.02835961263013
"G86"	"G35"	0.028307237979042
"G24"	"G43"	0.0282905517954024
"G37"	"G98"	0.0282485512207644
"G5"	"G17"	0.0281921797335112
"G51"	"G76"	0.0281681263654489
"G93"	"G45"	0.0281197689764005
"G46"	"G18"	0.0281029721291467
"G16"	"G88"	0.0280529980329606
"G74"	"G83"	0.0280297988794424
"G5"	"G23"	0.0280042181133329
"G87"	"G8"	0.0279311076474283
"G49"	"G56"	0.0278783211284875
"G48"	"G76"	0.0278546882619555
"G91"	"G37"	0.0278082373559649
"G46"	"G79"	0.0277987302312012
"G30"	"G67"	0.0277678991008167
"G83"	"G56"	0.0277302556476134
"G32"	"G94"	0.0277299771898212
"G8"	"G33"	0.0277085423959294
"G59"	"G61"	0.0276648823546436
"G54"	"G28"	0.0276627359408527
"G58"	"G13"	0.0276257393077921
"G93"	"G97"	0.0275933305841524
"G71"	"G30"	0.02758809246811
"G47"	"G48"	0.0275562387288687
"G83"	"G74"	0.0275502017124478
"G65"	"G2"	0.0275460914919404
"G93"	"G39"	0.0275290602885492
"G44"	"G92"	0.0275061729960037
"G37"	"G71"	0.0274644412004582
"G8"	"G84"	0.0271651430706218
"G80"	"G51"	0.0271393370525493
"G66"	"G61"	0.0271016572440504
"G86"	"G12"	0.0270700317400804
"G18"	"G54"	0.0270595107206695
"G65"	"G21"	0.0270469135317168
"G72"	"G22"	0.0269872200378728
"G35"	"G22"	0.0269546272857243
"G82"	"G83"	0.0269479961078431
"G97"	"G95"	0.0269317588793278
"G17"	"G34"	0.026927635313182
"G53"	"G88"	0.0268816074536472
"G42"	"G94"	0.0267446377224403
"G90"	"G37"	0.0267277381919601
"G44"	"G76"	0.0267237481992787
"G87"	"G80"	0.0265713448881221
"G84"	"G29"	0.0265586594011009
"G76"	"G67"	0.0265262936097834
"G50"	"G76"	0.026486341558264
"G41"	"G90"	0.026405456213372
"G55"	"G76"	0.0263319151073392
"G76"	"G12"	0.0262930761066002
"G17"	"G8"	0.0262356264647275
"G17"	"G16"	0.0261509984964804
"G73"	"G25"	0.0260839761910822
"G3"	"G74"	0.0260118405652962
"G36"	"G7"	0.0259819388748409
"G51"	"G8"	0.0259764681007269
"G95"	"G44"	0.0259702869285239
"G27"	"G10"	0.0259673024039279
"G22"	"G94"	0.0259502724007984
"G36"	"G79"	0.0258838269474639
"G11"	"G86"	0.0258663866183664
"G2"	"G74"	0.02586386257225
"G99"	"G13"	0.0256177452211996
"G41"	"G93"	0.0256149196974289
"G71"	"G28"	0.0255196437109126
"G12"	"G86"	0.025489844485309
"G96"	"G61"	0.0254792097421513
"G2"	"G98"	0.0254154114102389
"G86"	"G46"	0.0253825037985123
"G45"	"G41"	0.0253244762717431
"G31"	"G85"	0.0253000655495927
"G45"	"G46"	0.0251288153316458
"G1"	"G73"	0.0250564525437428
"G18"	"G73"	0.0249795295329598
"G10"	"G27"	0.0249746488323723
"G8"	"G50"	0.0248734387325555
"G60"	"G4"	0.0248507860114652
"G44"	"G90"	0.0248135971221319
"G37"	"G77"	0.024743038770546
"G43"	"G96"	0.0246968149106882
"G98"	"G69"	0.0246701223657585
"G89"	"G100"	0.0245802604938679
"G71"	"G58"	0.0245406194288033
"G97"	"G93"	0.0245122356950414
"G74"	"G7"	0.0245116127853193
"G46"	"G6"	0.0244893932383152
"G4"	"G46"	0.0244366185488736
"G2"	"G28"	0.0244346825277809
"G57"	"G37"	0.024421258630332
"G13"	"G86"	0.0243894734052892
"G1"	"G100"	0.0243850022213351
"G1"	"G86"	0.0243819408587516
"G5"	"G4"	0.0243665105847369
"G10"	"G82"	0.0243260952275982
"G21"	"G29"	0.0243124227635273
"G43"	"G24"	0.0243097080013726
"G31"	"G24"	0.0242959014731597
"G90"	"G73"	0.0241910356291095
"G86"	"G14"	0.0241842911593757
"G79"	"G49"	0.0241836602610328
"G28"	"G58"	0.0241293796382789
"G71"	"G34"	0.0240689017146027
"G99"	"G65"	0.0240413260717391
"G65"	"G34"	0.0239932478625997
"G69"	"G53"	0.0239215652302531
"G76"	"G100"	0.0239089343402364
"G1"	"G26"	0.0238971334409587
"G19"	"G74"	0.0238933820579633
"G11"	"G31"	0.0238412602259318
"G29"	"G7"	0.023815202925954
"G8"	"G87"	0.023793286065155
"G36"	"G59"	0.0237712607983137
"G48"	"G86"	0.0237670118556908
"G38"	"G98"	0.0237229935366972
"G48"	"G7"	0.0236703740424499
"G64"	"G53"	0.0235969892326119
"G58"	"G74"	0.0234999978973971
"G53"	"G69"	0.0234915334736243
"G44"	"G89"	0.0234899851807733
"G43"	"G5"	0.0234790723246955
"G48"	"G47"	0.0234286579803512
"G38"	"G16"	0.023412206247744
"G81"	"G39"	0.0233703238787459
"G13"	"G27"	0.0233124612851997
"G23"	"G14"	0.0232797630428748
"G49"	"G5"	0.0232645763618619
"G30"	"G85"	0.0232314481421876
"G34"	"G55"	0.0232111227729755
"G70"	"G77"	0.0232068910677843
"G75"	"G34"	0.0231979717690997
"G60"	"G99"	0.0231905207485434
"G77"	"G28"	0.0231633043393957
"G35"	"G67"	0.0231615749490481
"G9"	"G27"	0.0231523272522337
"G50"	"G72"	0.0230693468595105
"G15"	"G61"	0.023044286836442
"G45"	"G56"	0.0230283381059202
"G67"	"G52"	0.0229294532703011
"G16"	"G40"	0.0229252346396863
"G12"	"G4"	0.0229083710611894
"G83"	"G65"	0.0228491432068377
"G65"	"G99"	0.0228368905802939
"G91"	"G74"	0.022816354296016
"G12"	"G82"	0.0227755557847203
"G49"	"G31"	0.0227402963134537
"G58"	"G70"	0.0227177677407582
"G11"	"G71"	0.022690698229877
"G79"	"G98"	0.0226110117962849
"G9"	"G21"	0.0226062505447424
"G94"	"G22"	0.0225887244799844
"G86"	"G42"	0.0225822461848383
"G43"	"G2"	0.0225652027645498
"G97"	"G7"	0.0225096566122375
"G83"	"G88"	0.022497297044242
"G85"	"G65"	0.0224329546490396
"G34"	"G71"	0.0224113212654264
"G89"	"G50"	0.0223722979705564
"G55"	"G57"	0.0223536636085153
"G97"	"G60"	0.0223267420352155
"G39"	"G87"	0.0222561531155972
"G78"	"G69"	0.0221954204895458
"G42"	"G39"	0.0221425744463358
"G1"	"G35"	0.0221227859751495
"G54"	"G62"	0.0221109694347349
"G56"	"G52"	0.0220974609823338
"G76"	"G72"	0.0220479584227094
"G33"	"G22"	0.0220336617141851
"G23"	"G52"	0.0220333271707321
"G46"	"G10"	0.0220253551018962
"G87"	"G32"	0.0220093021489007
"G60"	"G68"	0.0220045663573669
"G45"	"G69"	0.0219722437735402
"G52"	"G81"	0.0219710335432842
"G40"	"G6"	0.0219364460773059
"G20"	"G63"	0.0219308973797526
"G49"	"G74"	0.0219091998332112
"G16"	"G79"	0.0219030829886644
"G59"	"G10"	0.021874342054448
"G39"	"G97"	0.0218514094148581
"G79"	"G17"	0.0217989989201161
"G31"	"G52"	0.0217628961856999
"G43"	"G10"	0.0217017030181069
"G14"	"G61"	0.0216656996090689
"G9"	"G53"	0.0216552943242266
"G99"	"G80"	0.0216461815249433
"G100"	"G37"	0.0216030813142729
"G17"	"G29"	0.0215744994524503
"G58"	"G29"	0.0215204338935065
"G34"	"G3"	0.0215134917068684
"G77"	"G98"	0.0215094383146206
"G96"	"G77"	0.0214937175056348
"G75"	"G58"	0.0214828028427777
"G21"	"G91"	0.0214767762905427
"G55"	"G68"	0.0214713147718841
"G55"	"G7"	0.0214677475571993
"G28"	"G44"	0.021417474225103
"G65"	"G83"	0.0213924777593008
"G9"	"G16"	0.0213915827939133
"G57"	"G11"	0.0213089797858738
"G77"	"G6"	0.0212582200961503
"G62"	"G65"	0.0212302096480817
"G90"	"G25"	0.0212157008642918
"G36"	"G88"	0.0211980312239282
"G5"	"G31"	0.0211773200804602
"G32"	"G50"	0.021149372973778
"G34"	"G78"	0.0211390455904277
"G97"	"G25"	0.0211295548888176
"G48"	"G90"	0.0211269792491746
"G16"	"G26"	0.0211161903062297
"G90"	"G94"	0.0210653404476155
"G48"	"G37"	0.021014404797784
"G39"	"G93"	0.0210050398248747
"G83"	"G24"	0.0209826719038389
"G51"	"G20"	0.0209669581646743
"G30"	"G72"	0.0209636992049467
"G41"	"G80"	0.0209408080429635
"G18"	"G12"	0.0209071792339505
"G62"	"G59"	0.0208251873981642
"G30"	"G22"	0.0208192280108623
"G86"	"G13"	0.0208166732028191
"G5"	"G91"	0.0207951542634658
"G73"	"G26"	0.0207881539864838
"G18"	"G8"	0.0207513734165875
"G61"	"G90"	0.0207278653651633
"G99"	"G100"	0.0207257287808958
"G55"	"G69"	0.0206927531520661
"G62"	"G21"	0.0206856493869152
"G39"	"G54"	0.0206731303705383
"G75"	"G4"	0.0206667112687193
"G23"	"G5"	0.0206528303048106
"G56"	"G33"	0.0206502955451439
"G71"	"G19"	0.0206404731253329
"G23"	"G80"	0.0206111202639171
"G93"	"G54"	0.0204432365432937
"G68"	"G66"	0.0203941306506704
"G92"	"G100"	0.0203912668153813
"G99"	"G1"	0.0203834263046299
"G77"	"G44"	0.0203286296104418
"G8"	"G53"	0.020327835325374
"G94"	"G23"	0.0202591419320062
"G34"	"G22"	0.0202457589380459
"G78"	"G75"	0.020166774479028
"G21"	"G58"	0.0201553518951442
"G83"	"G11"	0.0201384648065769
"G37"	"G35"	0.0201276736951012
"G19"	"G58"	0.02010903088211
"G74"	"G98"	0.0200986167901317
"G92"	"G27"	0.0200864519985654
"G42"	"G19"	0.0200778796576613
"G9"	"G80"	0.0200750673625215
"G26"	"G73"	0.0200684724492075
"G27"	"G9"	0.0200263844025822
"G73"	"G71"	0.0200166770066499
"G52"	"G29"	0.0200034758351559
"G79"	"G36"	0.0199744435696093
"G5"	"G51"	0.0199716468266414
"G77"	"G48"	0.0199712013132362
"G96"	"G14"	0.019946392936955
"G5"	"G48"	0.019928150461791
"G97"	"G78"	0.0198633445348423
"G62"	"G58"	0.0198583292644549
"G37"	"G61"	0.0198275223220158
"G63"	"G56"	0.0198079826044957
"G55"	"G34"	0.019794932352418
"G100"	"G76"	0.0197165048848354
"G24"	"G54"	0.0196656353636504
"G90"	"G79"	0.0195983233787419
"G81"	"G51"	0.019594872529262
"G55"	"G35"	0.0195830234139425
"G88"	"G33"	0.0195600979256419
"G77"	"G90"	0.0195580730094016
"G85"	"G5"	0.01953600238633
"G75"	"G78"	0.0194760755860244
"G1"	"G74"	0.0194654386515049
"G24"	"G28"	0.0194478915456305
"G35"	"G85"	0.0194342440821407
"G39"	"G2"	0.0194219195395782
"G49"	"G51"	0.0193821596111629
"G4"	"G32"	0.0193709277508972
"G29"	"G17"	0.0193578399932164
"G77"	"G35"	0.0193043777215454
"G64"	"G39"	0.0193020580481585
"G23"	"G84"	0.019285674999704
"G8"	"G74"	0.0192403538957553
"G45"	"G2"	0.0191889790382241
"G93"	"G78"	0.0191838309080249
"G35"	"G77"	0.0191631553490902
"G37"	"G96"	0.0191615283783118
"G25"	"G65"	0.0191584717355263
"G32"	"G81"	0.0191436374190949
"G33"	"G50"	0.019136895681523
"G27"	"G55"	0.0190977002103848
"G22"	"G77"	0.0190939067818818
"G18"	"G84"	0.0190799369949988
"G1"	"G32"	0.0190327054493652
"G49"	"G94"	0.0190304516767783
"G13"	"G51"	0.0190133569264948
"G49"	"G57"	0.0189876994159867
"G83"	"G47"	0.0189863405181841
"G34"	"G73"	0.0189752501812708
"G30"	"G33"	0.0189347597723691
"G12"	"G35"	0.0189300554859926
"G4"	"G19"	0.0189137989375108
"G65"	"G60"	0.0189109588409705
"G59"	"G68"	0.0188793675363103
"G67"	"G10"	0.0188619705974789
"G50"	"G53"	0.0188544308613558
"G15"	"G84"	0.0188314916515738
"G17"	"G5"	0.0187782356894667
"G54"	"G75"	0.0187781239074622
"G95"	"G1"	0.0187505574778163
"G47"	"G94"	0.0187420762832399
"G71"	"G4"	0.0187327590588005
"G93"	"G29"	0.0186636154838057
"G68"	"G25"	0.0186452565576291
"G67"	"G34"	0.0185995558262659
"G88"	"G39"	0.0185725978981471
"G82"	"G14"	0.0185138010166259
"G4"	"G2"	0.0184903003216949
"G68"	"G29"	0.01844754766341
"G29"	"G82"	0.0184015497443719
"G87"	"G50"	0.0183967801204068
"G39"	"G88"	0.0183872421545664
"G47"	"G90"	0.0183700683154574
"G45"	"G95"	0.0183352311341772
"G37"	"G18"	0.0183345986920715
"G27"	"G13"	0.0183344890914568
"G65"	"G85"	0.018317157236302
"G57"	"G35"	0.0183130088885443
"G59"	"G95"	0.0183022754327402
"G53"	"G40"	0.0182787105003622
"G67"	"G71"	0.0182673878142161
"G87"	"G30"	0.0182610194546714
"G99"	"G23"	0.0182576178409037
"G24"	"G25"	0.0182493383254751
"G30"	"G49"	0.0182384199743603
"G46"	"G22"	0.0182240534014103
"G47"	"G96"	0.018210473971562
"G68"	"G12"	0.018202804179111
"G64"	"G50"	0.018176111263947
"G94"	"G26"	0.0181730408976817
"G55"	"G12"	0.0181351091474103
"G45"	"G19"	0.0181338525700688
"G84"	"G19"	0.0181282084757798
"G30"	"G13"	0.0181070241920299
"G44"	"G86"	0.0180989114438305
"G69"	"G72"	0.018060650114529
"G38"	"G7"	0.0180060921247396
"G17"	"G9"	0.0180006641047269
"G20"	"G56"	0.0179968640772941
"G65"	"G67"	0.0179647536015335
"G8"	"G78"	0.0179256328153828
"G96"	"G60"	0.0179059975703224
"G35"	"G12"	0.0178997845531116
"G99"	"G88"	0.0178863359318868
"G11"	"G53"	0.0178848847180551
"G8"	"G9"	0.0178843748062972
"G81"	"G86"	0.0178549361998079
"G94"	"G47"	0.0178522050312801
"G41"	"G27"	0.0178250679746445
"G18"	"G33"	0.0178064615784721
"G57"	"G70"	0.0177860124276024
"G97"	"G39"	0.0177812564415292
"G10"	"G48"	0.0177723283536989
"G31"	"G49"	0.0177626375824621
"G44"	"G54"	0.0177576886344426
"G80"	"G43"	0.0177371795999364
"G12"	"G51"	0.0177333007003603
"G98"	"G2"	0.0177038397369905
"G69"	"G62"	0.0176911717229689
"G12"	"G91"	0.0176799943750939
"G58"	"G67"	0.017679988702587
"G85"	"G38"	0.0176564231244685
"G50"	"G46"	0.0176550124761912
"G74"	"G95"	0.0176437714399869
"G52"	"G51"	0.017627563775812
"G20"	"G53"	0.0176168908671925
"G42"	"G32"	0.0175941201640113
"G54"	"G17"	0.0175843410592443
"G46"	"G90"	0.0175610628338393
"G60"	"G74"	0.0175516964084664
"G16"	"G41"	0.0175471992647916
"G35"	"G1"	0.0175157622192711
"G27"	"G70"	0.0175083991324731
"G86"	"G58"	0.0175039756995533
"G17"	"G98"	0.0174099683323899
"G84"	"G78"	0.0173838726756838
"G70"	"G71"	0.0173514621788606
"G83"	"G59"	0.0173137359767331
"G25"	"G54"	0.0173030474105984
"G59"	"G46"	0.0172917994476545
"G31"	"G100"	0.0172679091215268
"G14"	"G48"	0.0172669868759044
"G95"	"G76"	0.0172645376364802
"G17"	"G37"	0.017263286103784
"G37"	"G86"	0.017250822915754
"G41"	"G4"	0.0172499991806195
"G43"	"G72"	0.017242139526366
"G8"	"G98"	0.0172360414149657
"G61"	"G78"	0.0172308135289751
"G34"	"G65"	0.0171999591563921
"G13"	"G54"	0.0171788183275441
"G87"	"G36"	0.017173704937994
"G90"	"G35"	0.0171697528129866
"G81"	"G40"	0.0171595501416026
"G18"	"G42"	0.0171564612206785
"G71"	"G11"	0.0171252471354205
"G58"	"G42"	0.0170947920504279
"G18"	"G36"	0.0170756388169011
"G85"	"G17"	0.0170321480105485
"G39"	"G13"	0.0170299319737589
"G3"	"G98"	0.0170292331800034
"G14"	"G4"	0.017020132486202
"G63"	"G4"	0.0170123759910921
"G35"	"G11"	0.0169913198588372
"G37"	"G33"	0.0169714537268038
"G87"	"G57"	0.0169351383377414
"G6"	"G45"	0.016914923361936
"G47"	"G64"	0.016900546028848
"G42"	"G17"	0.016898112331669
"G62"	"G19"	0.016894338873024
"G10"	"G46"	0.0168525854389588
"G13"	"G95"	0.0168476019279396
"G71"	"G27"	0.0168447271984335
"G51"	"G4"	0.0168442804801817
"G19"	"G34"	0.0168304390673334
"G8"	"G82"	0.0167980058487496
"G44"	"G52"	0.016789370914002
"G86"	"G57"	0.0167744999439499
"G56"	"G84"	0.0167526617280174
"G68"	"G94"	0.0167471339043943
"G30"	"G36"	0.0167425547412112
"G70"	"G28"	0.0167322579926737
"G25"	"G97"	0.0167300792812893
"G24"	"G31"	0.0167287386252876
"G58"	"G12"	0.0167139401765682
"G42"	"G9"	0.0167057235243491
"G47"	"G28"	0.0167047288425175
"G44"	"G7"	0.0166983056688102
"G43"	"G19"	0.0166925352880304
"G46"	"G80"	0.0166849977890719
"G84"	"G73"	0.016669388921517
"G77"	"G34"	0.016667005237127
"G26"	"G68"	0.0166301584419484
"G61"	"G7"	0.0166210528468665
"G49"	"G77"	0.0166055589976345
"G87"	"G41"	0.0165853809730461
"G97"	"G41"	0.0165814366827419
"G35"	"G84"	0.0165764599917684
"G13"	"G68"	0.0165700995741627
"G31"	"G55"	0.0165426397245101
"G45"	"G17"	0.0165398153370911
"G42"	"G99"	0.0165319967263468
"G78"	"G48"	0.0165311428034089
"G35"	"G7"	0.0165277592691828
"G40"	"G21"	0.0165230291541138
"G11"	"G35"	0.01651967448679
"G33"	"G69"	0.0165114223834116
"G37"	"G85"	0.0165076205718258
"G8"	"G29"	0.0164531805056457
"G28"	"G13"	0.0164452862428403
"G64"	"G88"	0.0164403254293676
"G79"	"G5"	0.0164396454258399
"G61"	"G15"	0.0164241585739917
"G42"	"G63"	0.0164168614511137
"G61"	"G82"	0.0164067276462876
"G81"	"G67"	0.0163974355841794
"G71"	"G94"	0.0163795417598739
"G81"	"G32"	0.0163707080458082
"G76"	"G55"	0.0163679256136352
"G22"	"G53"	0.0163677711496287
"G46"	"G4"	0.0163521999967309
"G73"	"G92"	0.0163405437809686
"G10"	"G38"	0.0163350330025289
"G58"	"G21"	0.0162873219422121
"G81"	"G64"	0.0162830144548879
"G97"	"G52"	0.0162790635664895
"G48"	"G14"	0.0162480525229689
"G66"	"G60"	0.016230340705369
"G96"	"G58"	0.0162289153554792
"G19"	"G29"	0.0162267120658457
"G72"	"G78"	0.0161979554304296
"G17"	"G42"	0.0161945446864432
"G45"	"G34"	0.0161761355670864
"G51"	"G12"	0.0161708869693497
"G44"	"G96"	0.0161635477995576
"G25"	"G9"	0.0161592625316077
"G84"	"G77"	0.0161416571277302
"G18"	"G72"	0.0161314960770943
"G99"	"G61"	0.0161115716086276
"G47"	"G15"	0.0161004005132366
"G27"	"G100"	0.0160383235269355
"G76"	"G44"	0.0160380373711675
"G13"	"G29"	0.0160165923332829
"G47"	"G56"	0.0159914031021934
"G25"	"G35"	0.0159818908851763
"G95"	"G13"	0.0159739534243152
"G26"	"G7"	0.0159527720146233
"G26"	"G69"	0.0159259563706194
"G41"	"G78"	0.0159249975026514
"G22"	"G6"	0.015900505740487
"G19"	"G62"	0.015893074296719
"G21"	"G44"	0.0158796691734545
"G7"	"G30"	0.0158737857141684
"G8"	"G34"	0.0158551377674293
"G98"	"G33"	0.015800427036094
"G29"	"G33"	0.0157903849555412
"G57"	"G60"	0.0157864919274975
"G30"	"G21"	0.0157722151175073
"G49"	"G4"	0.0157669343658962
"G60"	"G25"	0.0157624221271823
"G12"	"G21"	0.0157193777560004
"G92"	"G12"	0.0157163123350423
"G64"	"G90"	0.0157103268186054
"G3"	"G56"	0.0156788498442482
"G11"	"G54"	0.0156694317630473
"G43"	"G80"	0.0156551895295923
"G28"	"G37"	0.0156482974177323
"G83"	"G49"	0.0156423878731918
"G26"	"G100"	0.0156008670206061
"G92"	"G58"	0.015565703760369
"G18"	"G78"	0.0155618317634845
"G42"	"G5"	0.0155578456376675
"G37"	"G9"	0.0155576991133032
"G96"	"G20"	0.0155485299215629
"G31"	"G72"	0.0155312139483981
"G11"	"G3"	0.0155259736496765
"G88"	"G46"	0.0155222618886141
"G19"	"G69"	0.0155099534751876
"G96"	"G43"	0.0154890929782411
"G74"	"G20"	0.0154813214947489
"G78"	"G25"	0.015481065542804
"G35"	"G25"	0.0154714422009487
"G92"	"G80"	0.015451210007228
"G6"	"G40"	0.0154408067098446
"G42"	"G25"	0.0154230166969217
"G26"	"G75"	0.0154103705854669
"G5"	"G45"	0.0153821142489024
"G46"	"G29"	0.0153778238053135
"G82"	"G22"	0.0153664370262005
"G84"	"G8"	0.0153579478879878
"G98"	"G53"	0.0153450238370825
"G100"	"G26"	0.0153345587160088
"G28"	"G4"	0.0153177672252227
"G31"	"G35"	0.015305140508936
"G51"	"G72"	0.0152792087512265
"G12"	"G33"	0.0152667406051919
"G55"	"G28"	0.0152329695613312
"G11"	"G83"	0.0152129597930844
"G17"	"G94"	0.0152011104898608
"G8"	"G3"	0.0151927392655295
"G35"	"G50"	0.0151887619691201
"G50"	"G78"	0.0151660971492915
"G52"	"G61"	0.0151627883793075
"G78"	"G93"	0.0151548228485401
"G98"	"G17"	0.0151472276983671
"G96"	"G79"	0.0151467522704457
"G52"	"G7"	0.0150873459247638
"G83"	"G92"	0.0150843531249914
"G52"	"G67"	0.0150591811095607
"G4"	"G11"	0.0150554025940274
"G8"	"G38"	0.0150410868421491
"G79"	"G88"	0.0150325349783157
"G68"	"G60"	0.0150312546019362
"G59"	"G12"	0.0150140589137955
"G6"	"G46"	0.0149973757447282
"G83"	"G55"	0.0149809872008565
"G72"	"G55"	0.0149805789401157
"G84"	"G9"	0.0149773792381691
"G72"	"G30"	0.0149691982006381
"G55"	"G89"	0.0149580407155192
"G95"	"G21"	0.0149547748531288
"G23"	"G30"	0.0149491943278942
"G51"	"G84"	0.0149487462978385
"G68"	"G17"	0.014946208868419
"G76"	"G8"	0.0149436261531378
"G42"	"G56"	0.0149362122728425
"G40"	"G9"	0.0149017830152798
"G11"	"G58"	0.0149014897681529
"G11"	"G27"	0.0148915766132664
"G93"	"G7"	0.0148882658745639
"G75"	"G74"	0.0148822514424313
"G2"	"G71"	0.0148681248647528
"G40"	"G25"	0.014868073877627
"G13"	"G44"	0.0148559541783797
"G85"	"G54"	0.014850603495461
"G28"	"G55"	0.0148054254647603
"G29"	"G76"	0.0148031298383782
"G75"	"G13"	0.014788597260663
"G37"	"G78"	0.014776173626331
"G83"	"G51"	0.0147760534612588
"G90"	"G7"	0.0147696068875909
"G16"	"G23"	0.0147656035942962
"G38"	"G87"	0.0147609350002525
"G69"	"G26"	0.0147577005456643
"G70"	"G11"	0.0147538158338781
"G40"	"G24"	0.0147488756003986
"G91"	"G22"	0.0147227342913447
"G32"	"G95"	0.0147179870235578
"G48"	"G29"	0.0147165083979413
"G80"	"G16"	0.0147163606374584
"G52"	"G78"	0.0146866080319452
"G22"	"G3"	0.0146803315299599
"G35"	"G56"	0.0146719186857958
"G38"	"G20"	0.0146567680777988
"G26"	"G47"	0.0146418157633795
"G32"	"G16"	0.0146405796382538
"G91"	"G46"	0.0146313817693532
"G24"	"G55"	0.0146193560507173
"G44"	"G55"	0.0145818721522243
"G21"	"G75"	0.0145778195091652
"G50"	"G48"	0.0145703922382737
"G62"	"G14"	0.0145699316051449
"G53"	"G7"	0.0145593282355202
"G77"	"G7"	0.0145513327521459
"G45"	"G59"	0.0145512891350698
"G27"	"G19"	0.0145506533341309
"G70"	"G33"	0.014549837701647
"G35"	"G47"	0.0145472606573032
"G53"	"G44"	0.0145428150926326
"G22"	"G19"	0.0145417735518496
"G80"	"G29"	0.0145346495360709
"G79"	"G78"	0.0145280714036469
"G60"	"G19"	0.0145278807583608
"G14"	"G37"	0.0145254779707297
"G34"	"G17"	0.0145083938833952
"G92"	"G71"	0.0144933671855455
"G82"	"G61"	0.0144582924093389
"G93"	"G30"	0.0144581702664196
"G18"	"G26"	0.0144482988791893
"G96"	"G36"	0.014440035424555
"G60"	"G59"	0.0144395005461145
"G29"	"G11"	0.0144312867320421
"G100"	"G19"	0.0144183429671131
"G67"	"G25"	0.0144137716630432
"G64"	"G74"	0.0144109565744587
"G87"	"G13"	0.0143992363284132
"G56"	"G78"	0.0143977489213426
"G62"	"G43"	0.0143953236171607
"G9"	"G23"	0.0143775537785761
"G63"	"G68"	0.0143674352112859
"G57"	"G81"	0.0143484061996734
"G46"	"G17"	0.0143349586166508
"G79"	"G96"	0.0143116796791862
"G34"	"G13"	0.0142777569931007
"G71"	"G2"	0.014248387770592
"G5"	"G13"	0.0142413847163457
"G39"	"G78"	0.0142368121044254
"G56"	"G83"	0.0142160926998386
"G37"	"G80"	0.0141975497543089
"G35"	"G100"	0.0141907154772096
"G8"	"G19"	0.0141729567624266
"G72"	"G38"	0.0141619992341454
"G64"	"G44"	0.0141549493844816
"G82"	"G68"	0.0141108772575954
"G23"	"G16"	0.0141102733610654
"G41"	"G1"	0.0140927657928391
"G21"	"G78"	0.0140896472068207
"G34"	"G95"	0.0140895138953469
"G14"	"G25"	0.014079037649817
"G60"	"G87"	0.0140615556280154
"G97"	"G91"	0.0140562114845521
"G36"	"G35"	0.0140535755197341
"G89"	"G4"	0.0140416292774963
"G21"	"G98"	0.0140411709529397
"G38"	"G96"	0.014023326880041
"G30"	"G62"	0.0140206717630838
"G97"	"G71"	0.0140058792375957
"G50"	"G57"	0.0139979761792278
"G72"	"G62"	0.0139969949019576
"G53"	"G78"	0.013974360583282
"G16"	"G3"	0.0139709200638577
"G69"	"G4"	0.0139597310346174
"G59"	"G75"	0.0139404102851477
"G89"	"G44"	0.0139334852793546
"G46"	"G41"	0.013920022678397
"G48"	"G58"	0.0139132942214329
"G70"	"G29"	0.0139073373029189
"G55"	"G72"	0.0139062834082824
"G90"	"G21"	0.0138800019080313
"G92"	"G49"	0.0138598430937552
"G57"	"G77"	0.0138585195693441
"G81"	"G80"	0.013858104292576
"G28"	"G26"	0.0138553506069365
"G56"	"G45"	0.0138465562390683
"G95"	"G19"	0.0138342904602242
"G25"	"G40"	0.0138039094847441
"G61"	"G64"	0.0137954113900517
"G13"	"G39"	0.0137865214661266
"G97"	"G40"	0.0137784112834379
"G21"	"G65"	0.0137624016799342
"G96"	"G90"	0.013756339710032
"G36"	"G56"	0.0137456641630415
"G96"	"G13"	0.0137411431652613
"G56"	"G27"	0.0137367004109959
"G27"	"G32"	0.0137349023463629
"G97"	"G86"	0.0137339301384871
"G92"	"G10"	0.013732171681501
"G41"	"G48"	0.01372327735452
"G88"	"G56"	0.0137223375265217
"G55"	"G95"	0.0137213203861752
"G47"	"G5"	0.0137168448688977
"G11"	"G33"	0.0136929381428129
"G68"	"G26"	0.0136630318416311
"G21"	"G12"	0.0136428521148629
"G42"	"G72"	0.0136263440373804
"G99"	"G60"	0.0136172628096461
"G19"	"G71"	0.0136171565632585
"G17"	"G54"	0.013608832298279
"G49"	"G27"	0.0136045317145299
"G69"	"G67"	0.0135902233126922
"G69"	"G7"	0.0135821330933739
"G31"	"G78"	0.0135713820862068
"G7"	"G35"	0.0135636604261184
"G23"	"G73"	0.0135628479216195
"G58"	"G56"	0.0135580549699548
"G83"	"G26"	0.0135543701290027
"G84"	"G11"	0.0135398954425129
"G21"	"G22"	0.0135290958072319
"G46"	"G91"	0.0135252026122774
"G22"	"G72"	0.0135227412850556
"G58"	"G75"	0.0135085258262786
"G28"	"G95"	0.0135061073257622
"G67"	"G56"	0.0134972751529082
"G29"	"G52"	0.0134939141157884
"G37"	"G29"	0.0134887283850506
"G81"	"G52"	0.0134694135552732
"G84"	"G15"	0.0134638652479505
"G49"	"G79"	0.0134625919946613
"G30"	"G77"	0.0134620633158483
"G25"	"G50"	0.0134614925022683
"G30"	"G14"	0.0134584088514423
"G58"	"G100"	0.0134458593617
"G87"	"G38"	0.0134322392527181
"G25"	"G34"	0.013431663705514
"G95"	"G34"	0.0134279226090388
"G50"	"G60"	0.013425636444047
"G94"	"G2"	0.0134193928347063
"G38"	"G8"	0.0134181041224287
"G81"	"G35"	0.0134168415888204
"G22"	"G71"	0.0134075059598316
"G4"	"G12"	0.0134054720677591
"G18"	"G34"	0.013395134070832
"G54"	"G11"	0.0133859276313322
"G54"	"G93"	0.0133844431066922
"G70"	"G80"	0.0133703176615853
"G81"	"G33"	0.0133677487820006
"G10"	"G69"	0.0133657286372852
"G53"	"G19"	0.0133654037537461
"G50"	"G39"	0.0133520707723034
"G95"	"G97"	0.0133517999253722
"G86"	"G79"	0.0133463182780965
"G25"	"G68"	0.0133330219385386
"G71"	"G45"	0.0133225077982882
"G46"	"G69"	0.0133172690349652
"G88"	"G58"	0.0133030945396169
"G18"	"G94"	0.0133025328709875
"G82"	"G13"	0.0132949699781369
"G9"	"G98"	0.0132947866081049
"G71"	"G84"	0.0132922290284474
"G83"	"G40"	0.0132739031619675
"G74"	"G35"	0.0132715571570904
"G42"	"G73"	0.0132707299627637
"G21"	"G71"	0.0132625795062481
"G81"	"G93"	0.0132520479705042
"G70"	"G76"	0.013238425563553
"G45"	"G12"	0.0131915470959237
"G69"	"G52"	0.013180728351871
"G51"	"G80"	0.0131798564134118
"G23"	"G94"	0.0131777623275606
"G82"	"G60"	0.013165474204821
"G59"	"G100"	0.0131550506394962
"G82"	"G46"	0.013144158433543
"G60"	"G38"	0.0131441437529827
"G34"	"G11"	0.0131264798019588
"G14"	"G13"	0.013126188952285
"G2"	"G72"	0.0131182305469911
"G74"	"G2"	0.0131078654694135
"G25"	"G17"	0.0131059156085572
"G89"	"G46"	0.0131015816182908
"G88"	"G35"	0.0130977931244981
"G13"	"G7"	0.0130968069038344
"G30"	"G45"	0.013079149801685
"G30"	"G11"	0.0130758611577988
"G40"	"G26"	0.0130733956056439
"G11"	"G73"	0.0130615172400067
"G9"	"G56"	0.0130555028987121
"G64"	"G33"	0.0130480142344533
"G49"	"G69"	0.0130441499226517
"G67"	"G69"	0.0130419647627015
"G48"	"G35"	0.0130323666468742
"G33"	"G17"	0.0130303335568454
"G61"	"G36"	0.013022773985377
"G45"	"G7"	0.0130151929935945
"G44"	"G57"	0.013008288975166
"G56"	"G92"	0.0129987872759023
"G60"	"G12"	0.0129800280848459
"G22"	"G34"	0.0129777335124768
"G49"	"G68"	0.0129752022964447
"G25"	"G7"	0.0129665122474673
"G28"	"G27"	0.0129584077347775
"G58"	"G62"	0.0129566210157939
"G98"	"G19"	0.0129395835632023
"G96"	"G12"	0.0129063095642004
"G9"	"G96"	0.0129034588823839
"G5"	"G1"	0.0128985073928423
"G76"	"G78"	0.0128784160749257
"G48"	"G22"	0.0128772025754189
"G83"	"G34"	0.0128741808673677
"G31"	"G19"	0.0128713018118225
"G7"	"G53"	0.0128629635556583
"G26"	"G74"	0.0128603112347084
"G90"	"G6"	0.01285982727071
"G99"	"G58"	0.0128523994554937
"G88"	"G83"	0.0128418142699661
"G96"	"G32"	0.012840648169433
"G93"	"G65"	0.0128385073446073
"G20"	"G12"	0.0128382951808811
"G56"	"G31"	0.0128273495673773
"G64"	"G34"	0.0128137458640405
"G59"	"G57"	0.0128010101939703
"G38"	"G75"	0.0127865934457935
"G74"	"G25"	0.012776784451325
"G100"	"G28"	0.0127738968362415
"G90"	"G100"	0.0127737952174422
"G26"	"G88"	0.012768099674602
"G3"	"G22"	0.0127626351589072
"G95"	"G54"	0.0127624984744734
"G38"	"G95"	0.012759587979436
"G6"	"G22"	0.0127530952233276
"G89"	"G2"	0.0127365638836736
"G68"	"G43"	0.0127299421926143
"G22"	"G35"	0.012711842976072
"G68"	"G19"	0.0127080805606997
"G97"	"G9"	0.0127006422636312
"G84"	"G1"	0.0126960088464963
"G12"	"G67"	0.0126885291928111
"G25"	"G14"	0.0126867132792102
"G60"	"G57"	0.0126599493555597
"G70"	"G95"	0.0126418780767272
"G4"	"G21"	0.0126356428790937
"G46"	"G50"	0.0125931359147107
"G7"	"G32"	0.0125768631769448
"G33"	"G24"	0.0125740920422254
"G76"	"G27"	0.0125664485301778
"G53"	"G22"	0.0125648916872084
"G38"	"G71"	0.0125628548290312
"G93"	"G23"	0.0125527640541473
"G47"	"G35"	0.0125414016548564
"G92"	"G73"	0.0125381924996056
"G38"	"G12"	0.012532767552532
"G22"	"G95"	0.0125157616080142
"G53"	"G56"	0.0125092915302122
"G7"	"G22"	0.0125062362180427
"G24"	"G5"	0.0125035905207831
"G28"	"G60"	0.0124918906974899
"G67"	"G88"	0.0124869296834217
"G54"	"G53"	0.0124819044540333
"G44"	"G21"	0.0124780890381278
"G74"	"G58"	0.0124681644886481
"G80"	"G40"	0.0124640069903341
"G40"	"G85"	0.0124613088016954
"G62"	"G84"	0.0124573447492705
"G76"	"G35"	0.0124409872927578
"G44"	"G85"	0.0124321505342146
"G53"	"G54"	0.0124281850539216
"G48"	"G72"	0.0124264653635397
"G56"	"G88"	0.0124237705471738
"G84"	"G54"	0.0124183508181008
"G8"	"G18"	0.0124181648794718
"G14"	"G98"	0.0124160849272696
"G22"	"G67"	0.0124067889671884
"G91"	"G71"	0.0123943650321729
"G88"	"G16"	0.0123909797539652
"G72"	"G76"	0.0123892179160836
"G76"	"G50"	0.0123882147152612
"G73"	"G68"	0.0123878907285259
"G82"	"G35"	0.0123765251091683
"G71"	"G7"	0.0123760422366153
"G4"	"G33"	0.0123602183746576
"G38"	"G74"	0.0123579103018172
"G24"	"G23"	0.0123565064062272
"G74"	"G4"	0.0123545999291281
"G73"	"G22"	0.012351030924389
"G56"	"G3"	0.0123365086590962
"G26"	"G67"	0.0123309181409668
"G9"	"G76"	0.0123285028116751
"G87"	"G85"	0.0123256965770246
"G87"	"G54"	0.0123171621009812
"G43"	"G3"	0.0123089826272516
"G40"	"G54"	0.0122882706807778
"G18"	"G29"	0.0122776488605154
"G88"	"G26"	0.0122676677649833
"G57"	"G61"	0.0122443559460741
"G12"	"G72"	0.012242390825724
"G38"	"G27"	0.012239564431312
"G28"	"G54"	0.0122380890465723
"G47"	"G54"	0.0122326425092562
"G2"	"G97"	0.0122249376742805
"G30"	"G42"	0.0122244066319213
"G56"	"G42"	0.0122234633064071
"G24"	"G96"	0.0122153806949514
"G9"	"G41"	0.012212169141073
"G46"	"G67"	0.0122048378928995
"G29"	"G98"	0.0121980987532766
"G5"	"G12"	0.0121911281193087
"G95"	"G78"	0.0121866247970475
"G53"	"G20"	0.0121802704514301
"G31"	"G40"	0.0121687558692637
"G94"	"G11"	0.0121677374970044
"G100"	"G62"	0.0121648823319437
"G91"	"G16"	0.0121565694739212
"G6"	"G17"	0.0121529982828364
"G70"	"G31"	0.0121460762010968
"G34"	"G84"	0.0121429066033019
"G25"	"G74"	0.0121426173555156
"G30"	"G54"	0.012134804412404
"G76"	"G69"	0.0121219308761702
"G89"	"G31"	0.0121173982973932
"G39"	"G34"	0.0121072781480421
"G97"	"G54"	0.0120990554257265
"G78"	"G73"	0.0120986092240782
"G23"	"G56"	0.0120977052462633
"G77"	"G19"	0.0120956971357473
"G48"	"G24"	0.012095651600325
"G87"	"G53"	0.0120897425758426
"G20"	"G29"	0.0120803422843452
"G54"	"G50"	0.0120566084506261
"G33"	"G68"	0.012055618471649
"G51"	"G27"	0.0120308972389332
"G6"	"G4"	0.0120068339355758
"G14"	"G97"	0.0119939425023476
"G83"	"G23"	0.0119871257136803
"G50"	"G29"	0.0119848062420002
"G90"	"G56"	0.0119766298779132
"G22"	"G27"	0.0119671268245672
"G43"	"G59"	0.011964701244404
"G97"	"G27"	0.0119646972536575
"G20"	"G75"	0.0119541148317185
"G11"	"G99"	0.0119485076279169
"G22"	"G55"	0.0119456865477537
"G98"	"G8"	0.0119426240951685
"G63"	"G19"	0.0119193214824105
"G67"	"G12"	0.0119128027534721
"G34"	"G4"	0.0119079336925857
"G9"	"G25"	0.0118907735977411
"G91"	"G77"	0.0118847511535871
"G68"	"G100"	0.0118761900651836
"G60"	"G28"	0.0118704507428484
"G50"	"G73"	0.0118605661975563
"G64"	"G73"	0.0118555071622103
"G26"	"G9"	0.0118550725177447
"G82"	"G50"	0.0118438267436692
"G42"	"G71"	0.0118377712166275
"G21"	"G69"	0.0118321734569634
"G60"	"G13"	0.011824268953569
"G19"	"G48"	0.0118166346282717
"G10"	"G91"	0.0118154851167619
"G67"	"G55"	0.0118146186427333
"G84"	"G34"	0.0118100805231578
"G46"	"G82"	0.0118077078663824
"G7"	"G31"	0.011806123570611
"G2"	"G94"	0.0118044899380786
"G56"	"G6"	0.0118040279312387
"G61"	"G80"	0.0117903087556884
"G76"	"G54"	0.0117902346921715
"G65"	"G66"	0.0117777447501948
"G94"	"G90"	0.0117748343119652
"G84"	"G48"	0.0117729905082287
"G90"	"G4"	0.0117656440089814
"G21"	"G13"	0.0117592018370786
"G48"	"G3"	0.0117568068993808
"G41"	"G58"	0.0117558028034113
"G19"	"G27"	0.0117417589872121
"G93"	"G2"	0.0117380212937494
"G42"	"G53"	0.0117297931964383
"G47"	"G7"	0.0117264980329257
"G70"	"G67"	0.0117259651371607
"G82"	"G3"	0.0117169104802206
"G4"	"G6"	0.0117157823614688
"G82"	"G34"	0.0117151152636013
"G19"	"G12"	0.0117086637751541
"G34"	"G33"	0.0117059232750481
"G28"	"G11"	0.0117030868487945
"G81"	"G46"	0.0117008769672046
"G96"	"G100"	0.0116942005978461
"G35"	"G69"	0.0116790649040792
"G14"	"G53"	0.0116778213899908
"G94"	"G17"	0.0116599376456134
"G60"	"G7"	0.0116536367418285
"G19"	"G100"	0.0116524252605498
"G82"	"G19"	0.0116483935651082
"G29"	"G100"	0.0116436658798855
"G27"	"G88"	0.0116355941882917
"G19"	"G2"	0.0116328001620198
"G48"	"G19"	0.011627829883683
"G75"	"G29"	0.0116235933054147
"G84"	"G87"	0.0116096454339743
"G97"	"G14"	0.0116088538422535
"G68"	"G33"	0.0115893921205437
"G95"	"G55"	0.0115836497455237
"G80"	"G25"	0.011572877069848
"G15"	"G55"	0.011556256416433
"G5"	"G9"	0.0115525871985333
"G20"	"G16"	0.0115522331374497
"G8"	"G43"	0.0115476498108889
"G20"	"G74"	0.0115463167525011
"G89"	"G26"	0.0115373330230941
"G10"	"G76"	0.0115242002457889
"G14"	"G78"	0.0115226711206831
"G78"	"G31"	0.0115052467494527
"G69"	"G19"	0.01150128899993
"G41"	"G88"	0.0115003754944346
"G48"	"G84"	0.0114990808016117
"G41"	"G16"	0.0114968237043454
"G80"	"G49"	0.0114963224780007
"G83"	"G76"	0.0114959327810374
"G42"	"G4"	0.0114806475598271
"G20"	"G88"	0.0114788528936598
"G72"	"G1"	0.0114767340714172
"G78"	"G53"	0.0114726501919289
"G83"	"G10"	0.0114704279598005
"G81"	"G20"	0.0114685381017008
"G84"	"G25"	0.0114621864819676
"G72"	"G98"	0.0114607845738542
"G33"	"G54"	0.011454720850709
"G7"	"G19"	0.011445976980806
"G9"	"G4"	0.0114452161461986
"G34"	"G77"	0.011443306322793
"G94"	"G68"	0.0114295746920051
"G54"	"G72"	0.0114136891804918
"G37"	"G41"	0.0114130889288458
"G64"	"G95"	0.0114040513750693
"G54"	"G98"	0.0114037132786015
"G13"	"G73"	0.0113978244930127
"G62"	"G68"	0.0113972375063879
"G33"	"G56"	0.0113789248281749
"G46"	"G37"	0.0113786164380708
"G73"	"G58"	0.0113717316690169
"G16"	"G17"	0.0113680523226686
"G60"	"G43"	0.0113624199530655
"G2"	"G65"	0.0113591332302149
"G57"	"G21"	0.0113481780019881
"G5"	"G64"	0.0113445264929498
"G80"	"G93"	0.0113419035743884
"G10"	"G55"	0.011340371825399
"G61"	"G41"	0.0113376472909909
"G45"	"G60"	0.0113308597653275
"G32"	"G74"	0.011329725941278
"G73"	"G11"	0.0113237964538259
"G37"	"G31"	0.0113181173708701
"G83"	"G5"	0.0113161967388947
"G91"	"G94"	0.0112924642935214
"G14"	"G39"	0.0112923624381362
"G36"	"G55"	0.0112807147263146
"G4"	"G76"	0.0112605526177124
"G85"	"G20"	0.0112481232096596
"G79"	"G8"	0.0112466016813134
"G58"	"G69"	0.0112391431177156
"G44"	"G53"	0.0112381250916515
"G46"	"G12"	0.0112335100838452
"G22"	"G7"	0.0112236981914952
"G16"	"G54"	0.011212535274401
"G1"	"G83"	0.0112118117270333
"G20"	"G71"	0.0112076038305144
"G42"	"G61"	0.0112019888068077
"G87"	"G40"	0.011200637047339
"G16"	"G95"	0.0111970470786452
"G60"	"G17"	0.0111966809419212
"G52"	"G69"	0.0111909955178508
"G83"	"G45"	0.011189919987318
"G83"	"G22"	0.0111832602526834
"G79"	"G29"	0.0111824928828061
"G8"	"G10"	0.0111805043846479
"G61"	"G62"	0.0111792998568141
"G67"	"G30"	0.0111743178630402
"G14"	"G76"	0.0111733570086345
"G65"	"G61"	0.0111728023036854
"G94"	"G40"	0.0111708024817477
"G68"	"G22"	0.0111625721756346
"G60"	"G55"	0.0111571473693587
"G100"	"G27"	0.0111559102135827
"G17"	"G25"	0.0111553002070906
"G13"	"G22"	0.0111550399548769
"G71"	"G22"	0.0111501621347717
"G45"	"G98"	0.0111491091800431
"G80"	"G11"	0.0111482475380104
"G46"	"G88"	0.0111447936649069
"G28"	"G47"	0.0111443665108719
"G21"	"G54"	0.0111438617072151
"G51"	"G78"	0.0111387236004089
"G12"	"G29"	0.0111308350388861
"G31"	"G22"	0.011127421720175
"G63"	"G39"	0.0111225816883583
"G15"	"G47"	0.0111059842464925
"G29"	"G12"	0.0111057874058604
"G1"	"G72"	0.0111039902604111
"G22"	"G50"	0.0110972655722909
"G61"	"G57"	0.0110964842890929
"G42"	"G30"	0.0110900807003807
"G6"	"G68"	0.0110875197156418
"G32"	"G17"	0.0110807660560271
"G33"	"G29"	0.0110647211078692
"G50"	"G89"	0.0110546080055877
"G41"	"G94"	0.0110506958891197
"G30"	"G73"	0.0110375751738161
"G94"	"G53"	0.0110326249505077
"G10"	"G72"	0.0110305797654791
"G33"	"G8"	0.0110273899065014
"G86"	"G17"	0.011020039145639
"G54"	"G67"	0.0110185206060999
"G32"	"G26"	0.0110175400852671
"G33"	"G78"	0.0110124843422645
"G88"	"G44"	0.0110078477555238
"G1"	"G95"	0.0110073521809549
"G100"	"G29"	0.0110039089219101
"G7"	"G12"	0.011002790016264
"G81"	"G14"	0.0110023490628815
"G47"	"G41"	0.010996105132873
"G71"	"G31"	0.0109943974695028
"G31"	"G48"	0.0109920600543949
"G61"	"G20"	0.0109896916013503
"G28"	"G53"	0.010987711976522
"G21"	"G25"	0.0109850257615366
"G68"	"G73"	0.0109837703143905
"G77"	"G47"	0.0109731280625621
"G28"	"G57"	0.0109711887802266
"G81"	"G91"	0.0109673105563183
"G16"	"G93"	0.0109637155733805
"G83"	"G3"	0.0109583898746452
"G21"	"G24"	0.0109547192574829
"G40"	"G93"	0.0109529173696266
"G19"	"G10"	0.0109407848460169
"G52"	"G98"	0.0109377120756126
"G54"	"G25"	0.010937374880687
"G11"	"G74"	0.0109285856869581
"G18"	"G64"	0.0109182914078452
"G49"	"G54"	0.0109084517118723
"G87"	"G88"	0.0109018005194881
"G27"	"G75"	0.0109013590368415
"G29"	"G75"	0.0109003298507371
"G47"	"G25"	0.0108967696056165
"G90"	"G62"	0.0108958557669229
"G58"	"G28"	0.0108798343949601
"G10"	"G7"	0.0108785604480898
"G71"	"G6"	0.0108749266250306
"G96"	"G29"	0.0108656926289258
"G72"	"G50"	0.0108632003176534
"G32"	"G72"	0.0108607610952955
"G29"	"G93"	0.0108606543612667
"G5"	"G50"	0.010860334939734
"G95"	"G98"	0.0108536836698858
"G15"	"G68"	0.0108523975609829
"G81"	"G82"	0.0108426202177827
"G64"	"G62"	0.0108420130235441
"G15"	"G2"	0.0108362579488905
"G27"	"G11"	0.0108231475646274
"G64"	"G57"	0.0108212470220045
"G83"	"G60"	0.0108188281925869
"G51"	"G41"	0.010815416413958
"G23"	"G39"	0.0108111579656933
"G91"	"G100"	0.0108010052174201
"G55"	"G54"	0.0107963862611894
"G100"	"G94"	0.0107957929042331
"G35"	"G76"	0.0107952669692197
"G30"	"G69"	0.010781588868954
"G36"	"G53"	0.0107728716432555
"G87"	"G72"	0.0107700375149767
"G71"	"G13"	0.0107638399632989
"G25"	"G86"	0.0107568631432072
"G72"	"G29"	0.0107497130320606
"G77"	"G58"	0.0107415780281386
"G37"	"G46"	0.0107395931566963
"G13"	"G82"	0.0107385740115017
"G12"	"G22"	0.0107382988517917
"G6"	"G77"	0.010736054615492
"G90"	"G12"	0.0107345080897153
"G88"	"G1"	0.0107317512672897
"G16"	"G49"	0.0107266696107236
"G92"	"G69"	0.0107242153367699
"G25"	"G58"	0.0107220691224084
"G86"	"G44"	0.0107166634414258
"G2"	"G19"	0.0107164580813736
"G75"	"G27"	0.0107164041297412
"G95"	"G7"	0.0107087535359653
"G54"	"G33"	0.0106986478916159
"G64"	"G52"	0.0106896809453582
"G57"	"G51"	0.010686933336238
"G83"	"G28"	0.0106835300911441
"G90"	"G64"	0.0106830928989087
"G82"	"G78"	0.0106830298447833
"G33"	"G55"	0.0106643313863219
"G61"	"G67"	0.010659955075892
"G47"	"G29"	0.0106568371222682
"G53"	"G98"	0.0106548085286482
"G43"	"G68"	0.0106524246781338
"G36"	"G13"	0.0106501200936083
"G4"	"G71"	0.0106499166367124
"G45"	"G47"	0.0106482373506951
"G10"	"G34"	0.0106435521851005
"G43"	"G74"	0.0106405256012423
"G82"	"G67"	0.0106328970998087
"G71"	"G54"	0.0106310958851966
"G99"	"G29"	0.0106303656245904
"G42"	"G52"	0.0106301785863708
"G39"	"G48"	0.0106242209085977
"G70"	"G39"	0.0106201865347698
"G10"	"G59"	0.0106170776657957
"G55"	"G62"	0.0106142834083543
"G35"	"G65"	0.010607558612683
"G16"	"G57"	0.0106065893276523
"G96"	"G38"	0.0105946719630533
"G12"	"G20"	0.0105918166209496
"G47"	"G13"	0.0105826695043507
"G1"	"G43"	0.0105755689352034
"G37"	"G2"	0.0105722515175686
"G69"	"G98"	0.0105720686064416
"G41"	"G100"	0.0105717873130535
"G1"	"G50"	0.0105651101752809
"G97"	"G26"	0.0105618066829023
"G9"	"G78"	0.0105555874086686
"G60"	"G26"	0.0105508686878128
"G85"	"G4"	0.0105290180716229
"G52"	"G26"	0.0105287176959653
"G35"	"G54"	0.010524738379697
"G41"	"G43"	0.0105229322012792
"G87"	"G33"	0.0105223110048416
"G13"	"G28"	0.0105191797698277
"G42"	"G67"	0.0105152258286321
"G33"	"G11"	0.010510259660603
"G64"	"G7"	0.0105077204809252
"G7"	"G44"	0.0105060696228823
"G75"	"G11"	0.0105024364423239
"G97"	"G94"	0.0104951074935511
"G14"	"G28"	0.0104934361785809
"G87"	"G7"	0.0104925597188337
"G11"	"G65"	0.0104925431053552
"G17"	"G15"	0.0104803825577703
"G43"	"G26"	0.0104782416504025
"G93"	"G4"	0.0104746814597357
"G22"	"G69"	0.0104721174695071
"G37"	"G69"	0.0104683178871987
"G55"	"G26"	0.0104656648962413
"G88"	"G67"	0.0104649702704214
"G98"	"G71"	0.010461890743321
"G42"	"G26"	0.0104611662970787
"G76"	"G73"	0.0104593982289649
"G18"	"G79"	0.010453003088888
"G55"	"G11"	0.0104507100421411
"G54"	"G7"	0.0104460483796856
"G29"	"G72"	0.0104453190655707
"G7"	"G78"	0.0104452953842967
"G47"	"G77"	0.010445024636861
"G58"	"G73"	0.0104359141269309
"G3"	"G69"	0.010435180861733
"G43"	"G55"	0.0104348663840584
"G94"	"G73"	0.0104234074908448
"G16"	"G61"	0.0104140808811375
"G39"	"G84"	0.0104068026432542
"G100"	"G96"	0.0104045401520195
"G15"	"G72"	0.0104023824015876
"G37"	"G27"	0.0103986342309665
"G88"	"G13"	0.0103968533413026
"G49"	"G86"	0.0103942282398504
"G76"	"G70"	0.0103922303445318
"G8"	"G41"	0.0103909813058744
"G19"	"G53"	0.0103765114653535
"G97"	"G72"	0.0103765028475298
"G90"	"G8"	0.0103715318093575
"G50"	"G51"	0.0103553818196981
"G100"	"G54"	0.0103551436356331
"G100"	"G50"	0.010347336701962
"G53"	"G35"	0.0103459931182024
"G65"	"G100"	0.0103435728000248
"G83"	"G20"	0.0103424891798773
"G75"	"G76"	0.0103352330050778
"G73"	"G4"	0.0103331142928952
"G91"	"G85"	0.0103285726684608
"G22"	"G91"	0.0103280233053712
"G7"	"G26"	0.0103263907257505
"G3"	"G17"	0.0103147334298808
"G19"	"G95"	0.0103087941539504
"G50"	"G33"	0.0103058358214595
"G80"	"G42"	0.0103056275469995
"G91"	"G9"	0.0103038356600534
"G43"	"G48"	0.0103010458516124
"G71"	"G62"	0.010295588636626
"G83"	"G19"	0.0102907186452448
"G16"	"G94"	0.010288234503562
"G4"	"G35"	0.0102845984742187
"G46"	"G54"	0.0102797857878757
"G42"	"G55"	0.0102733585132706
"G10"	"G43"	0.0102677526669786
"G31"	"G60"	0.0102619353627132
"G4"	"G95"	0.0102523956363336
"G20"	"G35"	0.0102441031501466
"G50"	"G35"	0.010235048907599
"G57"	"G67"	0.0102342560856308
"G17"	"G50"	0.0102342249286321
"G22"	"G46"	0.0102338781719655
"G25"	"G56"	0.0102265155176505
"G57"	"G76"	0.0102260525245875
"G70"	"G62"	0.0102189036135413
"G61"	"G75"	0.0102173091748034
"G27"	"G62"	0.0102160144237039
"G91"	"G78"	0.0101936949071565
"G2"	"G39"	0.0101904023499272
"G34"	"G35"	0.0101903669913397
"G58"	"G34"	0.0101881792729236
"G57"	"G16"	0.0101854937538283
"G8"	"G59"	0.010180874776376
"G67"	"G72"	0.0101801481188604
"G98"	"G7"	0.0101776051053538
"G31"	"G25"	0.0101673939792014
"G50"	"G44"	0.0101632095561995
"G51"	"G57"	0.0101596828740108
"G14"	"G72"	0.010158664581079
"G63"	"G42"	0.0101555999831156
"G19"	"G45"	0.0101512228949857
"G84"	"G71"	0.0101506375839434
"G86"	"G49"	0.0101489220861057
"G67"	"G28"	0.0101458573893258
"G82"	"G95"	0.0101445499402348
"G94"	"G38"	0.0101434554088188
"G78"	"G76"	0.0101419604814003
"G46"	"G93"	0.0101394505411008
"G94"	"G4"	0.0101378257805381
"G37"	"G28"	0.0101316956300651
"G24"	"G33"	0.0101316316533653
"G81"	"G4"	0.0101301443135797
"G6"	"G27"	0.0101297588884074
"G38"	"G93"	0.0101280178177438
"G88"	"G11"	0.0101205882163388
"G96"	"G24"	0.0101171888602102
"G60"	"G2"	0.0101128613247091
"G22"	"G28"	0.0101115067059751
"G95"	"G88"	0.0101110679361294
"G65"	"G3"	0.0101069894457533
"G50"	"G64"	0.0101059987235152
"G22"	"G4"	0.0101057766964211
"G83"	"G21"	0.0101015692785384
"G7"	"G95"	0.0100991892954882
"G60"	"G96"	0.010098451304039
"G74"	"G78"	0.0100907962015704
"G67"	"G68"	0.0100850710510963
"G100"	"G33"	0.0100827001340727
"G44"	"G71"	0.0100802710331366
"G36"	"G96"	0.0100779600492204
"G79"	"G6"	0.01007634586302
"G3"	"G23"	0.0100745197253366
"G35"	"G17"	0.0100743600719257
"G51"	"G52"	0.0100654743428591
"G4"	"G73"	0.0100646378847996
"G69"	"G84"	0.0100534424829033
"G40"	"G81"	0.0100494511395661
"G1"	"G3"	0.0100485994800331
"G27"	"G69"	0.0100482072955632
"G7"	"G58"	0.0100466820532074
"G14"	"G62"	0.0100441791085521
"G3"	"G95"	0.0100371350924194
"G84"	"G56"	0.0100334845908264
"G4"	"G7"	0.0100334049127433
"G19"	"G17"	0.0100333852939984
"G74"	"G26"	0.0100312918531004
"G43"	"G79"	0.010030087371439
"G23"	"G20"	0.0100237607254977
"G23"	"G35"	0.0100145975713615
"G38"	"G45"	0.0100133709121616
"G95"	"G33"	0.010009966451914
"G53"	"G52"	0.0100088713627868
"G98"	"G3"	0.0100073048590736
"G19"	"G25"	0.0100047692924226
"G55"	"G58"	0.0100030187387613
"G63"	"G44"	0.00999355820282734
"G17"	"G46"	0.00998397778080987
"G87"	"G77"	0.00998028197572852
"G72"	"G32"	0.00996935411318521
"G1"	"G89"	0.00996867971993833
"G100"	"G78"	0.00996850880182215
"G50"	"G67"	0.00996014230928918
"G4"	"G56"	0.00995591330149215
"G55"	"G100"	0.00995517450038844
"G72"	"G35"	0.00994711902206746
"G69"	"G91"	0.00994257799930564
"G37"	"G72"	0.00993654739797469
"G23"	"G33"	0.00993597533951447
"G66"	"G99"	0.00993116726999634
"G72"	"G53"	0.00992829692398552
"G71"	"G72"	0.00992808675424545
"G91"	"G33"	0.00991903237624052
"G52"	"G72"	0.00991681494538386
"G40"	"G78"	0.00990675540296295
"G81"	"G78"	0.0099047525960121
"G64"	"G100"	0.00990285692364022
"G48"	"G95"	0.00990204364973052
"G38"	"G32"	0.00990190839547186
"G10"	"G12"	0.00990179096464919
"G26"	"G53"	0.00989815973500591
"G28"	"G34"	0.00989736674202003
"G55"	"G24"	0.00989200178459725
"G59"	"G32"	0.00988945360716039
"G86"	"G3"	0.00988666356494375
"G66"	"G38"	0.00988290006452146
"G90"	"G3"	0.00988137818337318
"G94"	"G67"	0.00987834340234694
"G27"	"G4"	0.00987440526732272
"G46"	"G78"	0.00987269947677195
"G33"	"G28"	0.00986965295640929
"G32"	"G33"	0.00986945497312442
"G86"	"G7"	0.00986807210839335
"G47"	"G74"	0.00986304808549453
"G3"	"G61"	0.00985466641451976
"G60"	"G75"	0.00984746596616174
"G44"	"G25"	0.00984117350092242
"G46"	"G72"	0.00983720130199191
"G84"	"G22"	0.00983694868921198
"G34"	"G94"	0.00983673683582448
"G24"	"G35"	0.00983639446893276
"G50"	"G11"	0.00983621360268387
"G93"	"G19"	0.00983185334285736
"G3"	"G67"	0.00982935214691486
"G50"	"G100"	0.00982805543278875
"G27"	"G73"	0.00982413107396637
"G84"	"G72"	0.009820927295874
"G61"	"G99"	0.00982084528216828
"G85"	"G26"	0.00981889198712557
"G97"	"G34"	0.00981538944818298
"G47"	"G72"	0.00981485251993027
"G58"	"G24"	0.00981223771571719
"G78"	"G4"	0.00979281003844286
"G41"	"G95"	0.00979222500812831
"G61"	"G19"	0.00978778119968896
"G7"	"G76"	0.00978281020719577
"G8"	"G75"	0.00978185848142166
"G71"	"G37"	0.00978114884989776
"G28"	"G75"	0.00977899456520975
"G27"	"G71"	0.00977644862300351
"G16"	"G56"	0.00976724850541205
"G36"	"G73"	0.00976293736004938
"G22"	"G73"	0.00975448242425041
"G47"	"G78"	0.00974386513993792
"G11"	"G10"	0.00973921142924298
"G57"	"G100"	0.00973919081544297
"G56"	"G90"	0.00973770280708465
"G83"	"G54"	0.00973112349690435
"G73"	"G78"	0.00973066383397778
"G95"	"G2"	0.00972295572298137
"G74"	"G55"	0.00972121277972201
"G36"	"G84"	0.00972020905157092
"G77"	"G96"	0.00971830005147652
"G26"	"G3"	0.00971161341003469
"G31"	"G50"	0.00971115402151158
"G85"	"G29"	0.00970698443284911
"G68"	"G82"	0.0097023466834177
"G59"	"G72"	0.00970007912654256
"G83"	"G33"	0.00969901177256802
"G78"	"G26"	0.00969771004256732
"G84"	"G76"	0.00969149381622976
"G26"	"G1"	0.00969137126353438
"G97"	"G28"	0.00968988669908818
"G70"	"G98"	0.00968965210993378
"G33"	"G7"	0.00968538953124843
"G17"	"G60"	0.00967935103917946
"G4"	"G20"	0.0096786801686448
"G82"	"G75"	0.00967549995425361
"G5"	"G29"	0.00967132159221483
"G88"	"G75"	0.00967033153737384
"G13"	"G62"	0.00966277953252202
"G100"	"G74"	0.00965060472228832
"G66"	"G92"	0.00964922631980414
"G88"	"G41"	0.00964017498150695
"G29"	"G78"	0.00963697875042483
"G28"	"G67"	0.00963197058978981
"G26"	"G94"	0.00963175068718733
"G12"	"G90"	0.00963086514701859
"G92"	"G11"	0.00963074726143052
"G10"	"G73"	0.00963050575823842
"G91"	"G1"	0.00961704982825527
"G21"	"G31"	0.00961514206247362
"G39"	"G28"	0.00961344426475474
"G75"	"G33"	0.00960993236864759
"G46"	"G59"	0.0096071499517629
"G36"	"G28"	0.00960705427938414
"G33"	"G75"	0.0095997169484496
"G7"	"G29"	0.00959660037151477
"G89"	"G10"	0.0095946365994666
"G58"	"G96"	0.00959022207331659
"G38"	"G69"	0.00958987532967747
"G27"	"G58"	0.00958782027423814
"G27"	"G77"	0.00958577144585955
"G45"	"G32"	0.00958489817966872
"G35"	"G4"	0.00958297687496316
"G27"	"G48"	0.00958066355604003
"G63"	"G89"	0.00957279866226951
"G55"	"G77"	0.00957178602820142
"G37"	"G19"	0.00957042013858578
"G51"	"G93"	0.00956241457256695
"G93"	"G56"	0.00956005024120146
"G95"	"G74"	0.00955687096432538
"G94"	"G54"	0.00955616463012664
"G95"	"G3"	0.00955557395390882
"G91"	"G55"	0.00955436377143207
"G29"	"G19"	0.00955221064705792
"G71"	"G48"	0.00954760083527678
"G67"	"G96"	0.00954170614483103
"G95"	"G27"	0.00954006055763599
"G35"	"G27"	0.00953814828265296
"G91"	"G34"	0.00953618860085026
"G66"	"G83"	0.00953239513659028
"G36"	"G29"	0.00953152018564499
"G41"	"G87"	0.00952978017497854
"G58"	"G77"	0.00952200853941999
"G98"	"G37"	0.00951966989476818
"G42"	"G98"	0.00951810214573547
"G92"	"G78"	0.00951774925904599
"G11"	"G30"	0.00951440599472595
"G45"	"G25"	0.00951405364064691
"G80"	"G37"	0.00951375201906422
"G73"	"G94"	0.00951006216861735
"G45"	"G48"	0.00950508025737209
"G69"	"G27"	0.00950304238474389
"G4"	"G54"	0.00950279469699592
"G95"	"G84"	0.0095012537076275
"G67"	"G37"	0.00950121533454764
"G62"	"G11"	0.00949738461645233
"G40"	"G92"	0.00949634364587549
"G18"	"G76"	0.00949121717490722
"G48"	"G77"	0.00948930517363351
"G34"	"G44"	0.00948894531823243
"G30"	"G27"	0.00948737049247737
"G57"	"G87"	0.00948620331671371
"G4"	"G74"	0.00948502375432287
"G54"	"G76"	0.00948179860020066
"G56"	"G22"	0.00948154785204901
"G28"	"G21"	0.00947603110332798
"G38"	"G79"	0.00947132070331591
"G28"	"G52"	0.0094698622441464
"G18"	"G66"	0.00946590293985252
"G96"	"G7"	0.00946533816452676
"G37"	"G40"	0.00946057609921017
"G93"	"G31"	0.00945508542774518
"G34"	"G72"	0.00945507200495416
"G19"	"G11"	0.00945400981714429
"G15"	"G62"	0.00945332591664084
"G95"	"G70"	0.00945002210398518
"G67"	"G11"	0.00944353077741415
"G7"	"G61"	0.0094434353065881
"G53"	"G25"	0.00944115317803406
"G42"	"G20"	0.00944088778873054
"G36"	"G20"	0.00943580805114129
"G23"	"G98"	0.00943113385241202
"G77"	"G100"	0.00942305004449382
"G5"	"G19"	0.00941835876768974
"G69"	"G12"	0.0094180791200188
"G58"	"G78"	0.00941597582388057
"G48"	"G97"	0.00941123700758343
"G75"	"G36"	0.00940658576132835
"G61"	"G52"	0.00940443544082568
"G68"	"G72"	0.00940412849067846
"G30"	"G100"	0.00940122189858003
"G55"	"G21"	0.00939669803250882
"G32"	"G54"	0.00939414956082674
"G3"	"G4"	0.00939186234304964
"G5"	"G74"	0.00937915825682213
"G83"	"G44"	0.00937843601624151
"G28"	"G35"	0.00937452197318183
"G90"	"G96"	0.00937044860091382
"G84"	"G75"	0.00936944927149331
"G6"	"G41"	0.00936536451232652
"G86"	"G29"	0.00936444140851306
"G51"	"G92"	0.00936305706601527
"G56"	"G97"	0.00936304545888057
"G5"	"G28"	0.00936062034769612
"G83"	"G58"	0.00935912375196651
"G74"	"G96"	0.00935283460043677
"G57"	"G12"	0.00934983350153214
"G7"	"G48"	0.00934958286904111
"G58"	"G98"	0.00934766286665116
"G98"	"G74"	0.00934742725864101
"G59"	"G15"	0.00934617012285687
"G53"	"G72"	0.00934443400963047
"G52"	"G22"	0.00934378731837881
"G80"	"G26"	0.00934019821497357
"G73"	"G95"	0.00934007896133305
"G34"	"G25"	0.00933670379150811
"G46"	"G13"	0.00932583482526463
"G85"	"G7"	0.0093180456893475
"G58"	"G10"	0.00931661589910931
"G31"	"G73"	0.00931031552333134
"G72"	"G75"	0.00931019307649487
"G51"	"G94"	0.00930889726397057
"G55"	"G74"	0.00930649109391541
"G60"	"G63"	0.00930169694372523
"G19"	"G98"	0.00929842154229878
"G56"	"G58"	0.00929544489279533
"G48"	"G75"	0.00929498756226799
"G66"	"G100"	0.00928916092057127
"G41"	"G53"	0.00928896918195027
"G22"	"G78"	0.00928828120792618
"G67"	"G76"	0.00928216107309791
"G35"	"G90"	0.00928195775448939
"G99"	"G33"	0.00927560750437926
"G41"	"G69"	0.00927455658449191
"G52"	"G53"	0.00927387503738706
"G65"	"G11"	0.00927020604737103
"G20"	"G36"	0.00927013947367776
"G41"	"G34"	0.00926776626894576
"G59"	"G56"	0.00926704061069924
"G98"	"G52"	0.00926549205664075
"G97"	"G73"	0.00926499366421391
"G65"	"G35"	0.00926456770403444
"G18"	"G87"	0.00926291195555866
"G10"	"G4"	0.00925962487604809
"G30"	"G87"	0.0092496541782189
"G2"	"G58"	0.00924857488728677
"G68"	"G59"	0.00924786418173051
"G12"	"G69"	0.00924701119129553
"G58"	"G27"	0.00923979153908508
"G75"	"G72"	0.00923938309286716
"G64"	"G4"	0.00923549163924638
"G50"	"G54"	0.00923138027259514
"G26"	"G72"	0.00922593234475637
"G56"	"G62"	0.0092243765728355
"G54"	"G13"	0.00922404746857368
"G98"	"G77"	0.00922327447210099
"G58"	"G44"	0.00921691620603347
"G34"	"G39"	0.00921336027796527
"G76"	"G89"	0.00920938436839697
"G70"	"G89"	0.00920938389388484
"G73"	"G35"	0.00920762294508752
"G44"	"G72"	0.00920420810606063
"G36"	"G58"	0.00920404429244822
"G99"	"G35"	0.00919946400137295
"G32"	"G78"	0.00918385179049473
"G57"	"G28"	0.00918273632904541
"G73"	"G44"	0.00917724172156418
"G33"	"G73"	0.0091768222847755
"G27"	"G92"	0.00917611839807534
"G68"	"G70"	0.00917575904454854
"G49"	"G55"	0.009170872406351
"G7"	"G69"	0.00916568395361728
"G98"	"G91"	0.00916543675090442
"G15"	"G26"	0.00916371626894397
"G48"	"G71"	0.00916154000430399
"G82"	"G8"	0.00915781385567442
"G43"	"G95"	0.00915079592640675
"G63"	"G74"	0.00914795875611818
"G93"	"G76"	0.00914650770403456
"G92"	"G74"	0.00913996280114261
"G94"	"G100"	0.00913936795810431
"G67"	"G35"	0.009138902267188
"G80"	"G79"	0.0091373391697004
"G70"	"G36"	0.00913681815326821
"G45"	"G22"	0.00912880694570645
"G53"	"G28"	0.00912652068008447
"G38"	"G13"	0.00912450724248831
"G45"	"G73"	0.00912341428886599
"G94"	"G58"	0.00912172446442068
"G40"	"G59"	0.00911893767526591
"G10"	"G70"	0.00911748436506922
"G50"	"G7"	0.00911687142044873
"G78"	"G3"	0.0091093633769782
"G89"	"G47"	0.00910891994172883
"G42"	"G88"	0.00910671298901071
"G26"	"G51"	0.00910631442663342
"G70"	"G3"	0.00910519296900483
"G62"	"G80"	0.00909968450807906
"G20"	"G51"	0.00909808904230312
"G59"	"G58"	0.00909763401892381
"G64"	"G35"	0.00909706861665689
"G76"	"G95"	0.00909683236178998
"G47"	"G98"	0.00909241760924112
"G100"	"G4"	0.00909180538271131
"G39"	"G73"	0.00908915745017058
"G39"	"G26"	0.00908654899110069
"G100"	"G11"	0.00908083773465146
"G96"	"G47"	0.00908055580101674
"G19"	"G77"	0.00907981199642701
"G53"	"G12"	0.00907578701850373
"G84"	"G69"	0.00907329931806152
"G86"	"G95"	0.00906656839308412
"G58"	"G35"	0.00906317456819538
"G88"	"G34"	0.00906200553377092
"G84"	"G7"	0.00905606850388289
"G95"	"G48"	0.0090548145502791
"G56"	"G91"	0.00905171585386867
"G12"	"G18"	0.00905133781471903
"G23"	"G78"	0.00904822989096991
"G30"	"G4"	0.00904802682179175
"G96"	"G74"	0.00904629089887126
"G99"	"G95"	0.0090421090764295
"G68"	"G32"	0.00904168469030862
"G38"	"G19"	0.00903994760521517
"G100"	"G12"	0.00903981965919761
"G66"	"G51"	0.00903946664975923
"G3"	"G78"	0.00903719041937758
"G46"	"G19"	0.0090345264907075
"G53"	"G63"	0.00902837178397374
"G23"	"G47"	0.00902542548947295
"G10"	"G29"	0.00902303131857878
"G18"	"G68"	0.00901236973639563
"G1"	"G98"	0.00900622027067201
"G31"	"G54"	0.00900502640167009
"G2"	"G12"	0.00900205668135857
"G27"	"G56"	0.00899562161724286
"G26"	"G25"	0.00899426975843707
"G83"	"G14"	0.00899193168764396
"G19"	"G67"	0.00899142056112016
"G13"	"G21"	0.00898781267777947
"G65"	"G7"	0.00898627180691076
"G27"	"G54"	0.00898169805953849
"G55"	"G33"	0.0089809427184742
"G2"	"G48"	0.00897932294062434
"G52"	"G16"	0.00897806316713867
"G30"	"G95"	0.00896368684461035
"G78"	"G9"	0.00896098939570174
"G25"	"G37"	0.00895910731636768
"G74"	"G19"	0.00895575897832487
"G62"	"G69"	0.00895361499811319
"G62"	"G100"	0.00895328999729033
"G2"	"G83"	0.00895268639552356
"G69"	"G33"	0.00894366841117542
"G56"	"G49"	0.00894195584356343
"G98"	"G54"	0.00893018240120136
"G74"	"G42"	0.00892885650113477
"G33"	"G26"	0.00892667167226876
"G20"	"G84"	0.00892317321237046
"G7"	"G74"	0.00892305142778906
"G53"	"G29"	0.00892169242259844
"G38"	"G64"	0.00892071516055976
"G86"	"G76"	0.00891953237228166
"G43"	"G52"	0.00891685454686642
"G71"	"G36"	0.00891236512447206
"G7"	"G33"	0.00891119303935395
"G31"	"G95"	0.00891078328271962
"G80"	"G78"	0.00891005389514025
"G50"	"G22"	0.00890894142206413
"G68"	"G49"	0.00890493140971922
"G24"	"G4"	0.00890092482091537
"G15"	"G11"	0.00890072878725433
"G53"	"G42"	0.00890007722193211
"G75"	"G8"	0.00889822138721175
"G60"	"G72"	0.00889785913393949
"G42"	"G93"	0.00889629258452436
"G5"	"G35"	0.00889510525575587
"G34"	"G48"	0.00889425593399498
"G35"	"G98"	0.00889296868171198
"G95"	"G11"	0.00889109685170526
"G35"	"G33"	0.00889083718828098
"G12"	"G19"	0.00889066127007367
"G20"	"G11"	0.00888852572273055
"G100"	"G75"	0.00888526767054913
"G11"	"G7"	0.00888522998338292
"G71"	"G38"	0.00888113534354384
"G23"	"G55"	0.00887986388441013
"G64"	"G29"	0.00887690805570382
"G84"	"G100"	0.00887669860539861
"G28"	"G33"	0.00887525933800193
"G72"	"G41"	0.00887110665431751
"G80"	"G62"	0.00887002069753905
"G24"	"G56"	0.00886759593576968
"G25"	"G84"	0.00886313864885173
"G82"	"G54"	0.0088610083652531
"G85"	"G44"	0.00885920686362956
"G75"	"G22"	0.00885622194002224
"G8"	"G21"	0.0088555037149915
"G47"	"G26"	0.00885350299048154
"G73"	"G27"	0.0088525847993832
"G85"	"G55"	0.00885078628113454
"G64"	"G6"	0.00884964421592861
"G70"	"G48"	0.0088481212329001
"G63"	"G53"	0.00884631564642873
"G74"	"G8"	0.00884572634260436
"G62"	"G4"	0.00884437360926986
"G74"	"G44"	0.00883912831035603
"G19"	"G42"	0.00883473472421641
"G87"	"G76"	0.00883384588558746
"G31"	"G14"	0.00882971798854138
"G49"	"G13"	0.00882538353889215
"G84"	"G68"	0.00882351290205642
"G42"	"G12"	0.00882199975474789
"G24"	"G80"	0.00882043313004711
"G38"	"G100"	0.00882024488657484
"G18"	"G95"	0.00882007850480609
"G70"	"G6"	0.00882005438795551
"G26"	"G52"	0.00881754956328078
"G72"	"G95"	0.0088160180709741
"G56"	"G4"	0.00881140546446593
"G23"	"G25"	0.00881134878230614
"G19"	"G1"	0.00880641987483485
"G92"	"G47"	0.00880626655227191
"G7"	"G25"	0.00880495847328548
"G42"	"G95"	0.00880181487799061
"G47"	"G44"	0.0087993380754154
"G64"	"G81"	0.00879046834642947
"G33"	"G4"	0.00878942077583897
"G81"	"G72"	0.00878937580850414
"G15"	"G45"	0.00878805948747296
"G47"	"G100"	0.00878339091274477
"G72"	"G4"	0.0087833347816233
"G12"	"G56"	0.00878037250350901
"G59"	"G55"	0.00877718587039004
"G16"	"G7"	0.00877648290755042
"G24"	"G26"	0.0087745769208424
"G99"	"G77"	0.00877412266682219
"G93"	"G70"	0.00877109697907094
"G72"	"G67"	0.00877096570799378
"G85"	"G73"	0.00876833455062693
"G92"	"G56"	0.00875948442187733
"G68"	"G3"	0.00875180107980066
"G15"	"G10"	0.00875006832225323
"G78"	"G12"	0.00874866173838449
"G28"	"G73"	0.00874778423848395
"G48"	"G61"	0.00874728141730676
"G20"	"G98"	0.00874692440276467
"G97"	"G48"	0.00874685223769054
"G11"	"G57"	0.00874638407373463
"G20"	"G100"	0.00874232971761602
"G26"	"G24"	0.00873282903661001
"G55"	"G48"	0.00872721616367891
"G71"	"G12"	0.00872689155243532
"G19"	"G54"	0.00872353226210245
"G48"	"G12"	0.00871782739897045
"G62"	"G71"	0.00871763685163536
"G3"	"G33"	0.00871641901693182
"G72"	"G52"	0.00871371750552858
"G24"	"G91"	0.00871345999243108
"G47"	"G69"	0.0087130575294507
"G65"	"G48"	0.0087114558103233
"G25"	"G2"	0.00871008257575301
"G92"	"G46"	0.00870818556227877
"G77"	"G67"	0.00870614548435355
"G35"	"G73"	0.00870437019450819
"G90"	"G11"	0.0087018468489252
"G55"	"G79"	0.00870059823185642
"G82"	"G100"	0.00870022804981576
"G48"	"G34"	0.00870005246234701
"G38"	"G23"	0.00869562717885132
"G25"	"G12"	0.00869459130305313
"G7"	"G4"	0.00869224157413817
"G32"	"G61"	0.00868607045923287
"G79"	"G72"	0.00868092931003649
"G38"	"G10"	0.00868038356929231
"G73"	"G33"	0.0086797329783122
"G47"	"G22"	0.00867639265919631
"G58"	"G86"	0.00867562862681175
"G14"	"G91"	0.00866510597835624
"G95"	"G91"	0.00866168499381764
"G57"	"G54"	0.00866117027568814
"G67"	"G54"	0.0086585688981713
"G91"	"G10"	0.00865538365841659
"G52"	"G74"	0.00865505228550302
"G44"	"G58"	0.00865475463781666
"G54"	"G48"	0.00865007137358775
"G57"	"G79"	0.00864912164931863
"G35"	"G95"	0.00864803513013
"G42"	"G11"	0.00863847846304901
"G47"	"G53"	0.00863297086098297
"G4"	"G91"	0.00862576191992349
"G4"	"G69"	0.00862527609771118
"G83"	"G84"	0.00862454841004638
"G58"	"G47"	0.00862393995934308
"G57"	"G59"	0.00862301966934424
"G24"	"G44"	0.0086223022033664
"G96"	"G98"	0.00862075490956637
"G88"	"G29"	0.00861354252499346
"G47"	"G61"	0.00861246056353917
"G93"	"G92"	0.0086110391290304
"G97"	"G13"	0.00860895029440917
"G40"	"G73"	0.00860605002740323
"G5"	"G22"	0.00860482386129833
"G43"	"G84"	0.00860273237417027
"G98"	"G67"	0.00860154741079177
"G38"	"G82"	0.00859986872099546
"G13"	"G19"	0.00859922434072334
"G63"	"G67"	0.00859898948408821
"G90"	"G33"	0.00859743929244008
"G70"	"G58"	0.00859715027581575
"G35"	"G86"	0.00859545294243236
"G28"	"G25"	0.00859371925871702
"G24"	"G12"	0.00859202462207255
"G68"	"G13"	0.00859181815859212
"G25"	"G60"	0.00859161272894179
"G15"	"G28"	0.00858836026203543
"G36"	"G11"	0.0085851623382424
"G28"	"G69"	0.0085849857196858
"G11"	"G82"	0.00858403097061482
"G25"	"G90"	0.00858264272962085
"G50"	"G55"	0.00858076865388601
"G3"	"G58"	0.00858028955047665
"G74"	"G27"	0.00857902027165244
"G57"	"G93"	0.00857896630779022
"G39"	"G33"	0.00857685932219195
"G15"	"G29"	0.00857665977877501
"G12"	"G68"	0.00857297896749193
"G67"	"G42"	0.00857165748528061
"G37"	"G7"	0.00856447572121497
"G61"	"G54"	0.00856285568000583
"G84"	"G36"	0.0085612809443764
"G64"	"G26"	0.00855822583712831
"G8"	"G86"	0.00855551966606998
"G99"	"G25"	0.00855109378176516
"G62"	"G72"	0.00855062869229292
"G72"	"G51"	0.00854565951868755
"G55"	"G3"	0.00854537934969858
"G18"	"G41"	0.00854313657513091
"G89"	"G11"	0.00854212409955842
"G80"	"G52"	0.0085370809188138
"G1"	"G5"	0.00853704047825677
"G83"	"G13"	0.00853559694658406
"G86"	"G8"	0.00853108671302588
"G86"	"G38"	0.00852622601423209
"G15"	"G7"	0.00852243810502373
"G53"	"G10"	0.00852075721390309
"G35"	"G74"	0.00852067984072537
"G77"	"G54"	0.00851821308885559
"G82"	"G32"	0.00851585350041123
"G51"	"G67"	0.00851372900844061
"G97"	"G3"	0.00851244142086783
"G3"	"G16"	0.00851195021345083
"G4"	"G64"	0.00850927366154404
"G95"	"G22"	0.00850334300850857
"G83"	"G2"	0.00850108892736879
"G85"	"G57"	0.00849835328716619
"G8"	"G12"	0.00849672179267242
"G17"	"G78"	0.00849554615088995
"G45"	"G37"	0.00849359253388685
"G82"	"G53"	0.00848835300296252
"G43"	"G4"	0.00848467362587276
"G4"	"G62"	0.00848172022090237
"G25"	"G29"	0.00847988657460124
"G41"	"G73"	0.00847841550652726
"G93"	"G48"	0.0084781206388838
"G29"	"G13"	0.00847756407343841
"G14"	"G56"	0.00847725753827327
"G56"	"G7"	0.00847413731574369
"G17"	"G35"	0.00847334414863815
"G57"	"G48"	0.00847262376970735
"G26"	"G87"	0.00846985310730616
"G42"	"G44"	0.00846883448229278
"G17"	"G72"	0.00846882130146753
"G13"	"G4"	0.00846263694939295
"G15"	"G52"	0.00845852494617572
"G35"	"G78"	0.00844613766381068
"G28"	"G15"	0.00844503360566484
"G83"	"G39"	0.00843603134989903
"G39"	"G27"	0.00843557949479926
"G67"	"G98"	0.00842887086690804
"G6"	"G24"	0.00842401924568733
"G49"	"G26"	0.00842253709552042
"G15"	"G58"	0.00842012280130536
"G11"	"G12"	0.0084132618578704
"G16"	"G98"	0.00841286731645124
"G53"	"G92"	0.00840940009725526
"G60"	"G27"	0.0084045953607951
"G21"	"G74"	0.00840186352734217
"G13"	"G77"	0.00840089538737984
"G83"	"G6"	0.00839533152866918
"G28"	"G70"	0.00839346710737789
"G96"	"G55"	0.0083910087672716
"G100"	"G69"	0.00839099441994303
"G93"	"G85"	0.00839097266367929
"G11"	"G68"	0.00838956739781307
"G26"	"G78"	0.0083887239861579
"G9"	"G29"	0.00838775735275155
"G43"	"G35"	0.00837914014705388
"G95"	"G25"	0.00837613781186925
"G98"	"G58"	0.00837565326911689
"G81"	"G8"	0.00837522521458248
"G11"	"G72"	0.00837416516436706
"G88"	"G40"	0.00837223530457169
"G41"	"G54"	0.00837126237511585
"G3"	"G100"	0.00836991747592045
"G93"	"G73"	0.00836914049302735
"G23"	"G4"	0.00836582896839236
"G94"	"G97"	0.00836324667736602
"G57"	"G29"	0.00835805335083915
"G94"	"G34"	0.00835599057812436
"G40"	"G4"	0.00835421348049862
"G15"	"G98"	0.0083539287355141
"G38"	"G60"	0.00835207612611087
"G8"	"G22"	0.00835204560050093
"G29"	"G20"	0.00835199178426109
"G79"	"G31"	0.00835192326987859
"G25"	"G100"	0.00834583088758054
"G39"	"G94"	0.00834509485820715
"G78"	"G7"	0.00834479195951392
"G31"	"G56"	0.00834244057955579
"G14"	"G75"	0.00834079428838242
